"title","venue_description","location","email_address","phone_number","website"
"Brewability / Pizzability","<h2>Brewability / Pizzability</h2><p>Brewability and its sister kitchen Pizzability share a home on South Broadway in Englewood. The brewery and pizzeria is built around inclusion and accessibility and is known across the Denver area as a place where everyone is welcome both behind the counter and in the crowd.</p><h3>The Vibe</h3><p>Expect a bright and friendly taproom with pizza coming out of the kitchen and a crowd that mixes families and neighbors and craft beer fans. The room is designed to be accessible and the staff sets a tone of patience and warmth that carries straight into the open mic.</p><h3>Sunday Open Mic and Audition</h3><p>Every Sunday afternoon from 2:00 PM to 5:00 PM the stage opens to musicians and poets and other performers. The session doubles as an audition of sorts because the venue books weekend gigs and private events and a strong set can lead to a paid booking. Performers are thanked with a free pint or a slice of pizza. It is a daytime slot which makes it a great fit for newer players and for anyone who prefers an early show.</p><h3>Food and Drink</h3><p>House beers are poured alongside a pizza menu from Pizzability. It is an easy place to settle in for the whole afternoon.</p><h3>Good to Know</h3><p>Brewability / Pizzability is located at 3445 S Broadway Englewood CO 80113. Call (303) 344-8988 for current details. Schedules can change so confirm with the venue or host before heading out.</p>","3445 S Broadway, Englewood, CO 80113","","(303) 344-8988","https://www.brewabilitypizza.com"
"Green Mountain Beer Company","<h2>Green Mountain Beer Company</h2><p>Green Mountain Beer Company is a neighborhood craft brewery in south Lakewood close to the foothills. It is a laid-back spot where locals gather over house beers and where Sunday evenings belong to one of the most popular open mics on the west side of metro Denver.</p><h3>Sunday Open Mic</h3><p>The open mic runs every Sunday from 5:00 PM to about 8:45 PM. The official sign-up is at 4:00 PM but the list fills quickly so arriving early is a smart move. A house band is often on hand and will back performers who want a fuller sound which makes this a great place to try a song with drums and bass behind you. Bill Moore steps in as host on some weeks.</p><h3>Why Musicians Like It</h3><p>The combination of a supportive crowd and an available house band gives solo songwriters a chance to stretch out. Regulars return week after week so newcomers quickly find friends and future jam partners.</p><h3>Good to Know</h3><p>Green Mountain Beer Company is located at 2585 S Lewis Way Lakewood CO 80227. Call (303) 986-0201 for current details. Schedules can change so confirm with the venue or host before heading out.</p>","2585 S Lewis Way, Lakewood, CO 80227","","(303) 986-0201","https://www.greenmountainbeercompany.com"
"Western Sky","<h2>Western Sky</h2><p>Western Sky is a neighborhood bar on South Broadway in Englewood with a relaxed and unpretentious feel. It is part of a stretch of Broadway that has become one of the busiest open mic corridors in the south metro area.</p><h3>Sunday Mixed Open Mic</h3><p>Sunday evenings from 6:00 PM to 8:00 PM the bar hosts a mixed open mic that welcomes musicians and poets and rappers and other acts. Sign-up happens in person at the bar starting at 5:30 PM. Musicians get two songs and other performers get about five minutes so the list moves quickly and a lot of people get a turn.</p><h3>Good Fit For</h3><p>Quick sets make this a nice spot to test a new song or warm up before heading to a later Sunday mic elsewhere in Denver.</p><h3>Good to Know</h3><p>Western Sky is located at 4361 S Broadway Englewood CO 80113. Call (303) 353-2918 for current details. Schedules can change so confirm with the venue or host before heading out.</p>","4361 S Broadway, Englewood, CO 80113","","(303) 353-2918","https://www.westernskybar.com"
"MECO Coffee Collective","<h2>MECO Coffee Collective</h2><p>MECO Coffee Collective is a community coffee house in the small town of Frederick on the northern edge of the Denver metro area. Its cozy setting and all-ages policy make it a natural home for a family-friendly monthly open mic.</p><h3>Last Sunday Open Mic</h3><p>On the last Sunday of every month MECO hosts an open mic from 6:00 PM to 8:00 PM with sign-up starting at 5:30 PM. Singers and musicians and poets are all welcome and the event is hosted by 4Tell. The room is all ages so young performers and their families are part of the crowd.</p><h3>The Vibe</h3><p>Think coffee house listening room. Audiences are quiet and attentive which is ideal for acoustic songs and spoken word pieces.</p><h3>Good to Know</h3><p>MECO Coffee Collective is located at 318 Fifth St Frederick CO 80514. Call (720) 826-1069 for current details. Schedules can change so confirm with the venue or host before heading out.</p>","318 Fifth St, Frederick, CO 80514","","(720) 826-1069","https://mecolongmont.com/locations"
"Lucky Joe's Sidewalk Saloon","<h2>Lucky Joe's Sidewalk Saloon</h2><p>Lucky Joe's Sidewalk Saloon sits right on Old Town Square in the heart of downtown Fort Collins. The pub is home to what is billed as the longest running open mic in the area with more than three decades of Sunday nights behind it.</p><h3>Sunday Open Mic Night</h3><p>Host Joe Vegas runs the Sunday open mic and the format is a little different from most. The list goes up around 11:00 AM on Sunday and players can claim a slot by phone or in person. Sets run about 20 to 30 minutes which gives each act room to play a real set. The show runs from roughly 8:00 PM to 11:00 PM. Bring your own instrument because there are no loaners.</p><h3>The Setting</h3><p>The Old Town location puts the saloon steps from other Fort Collins music rooms and breweries. On warm nights the square is busy and the music spills into a lively downtown scene.</p><h3>Good to Know</h3><p>Lucky Joe's Sidewalk Saloon is located at 25 Old Town Square Fort Collins CO 80524. Schedules can change so confirm with the venue or host before heading out.</p>","25 Old Town Square, Fort Collins, CO 80524","","",""
"Squire Lounge","<h2>Squire Lounge</h2><p>The Squire Lounge is a long-standing Colfax Avenue dive bar in Denver with cheap drinks and a no-frills attitude. Late on Sunday nights it turns into one of the best places in the city for musicians who want to play with a full band behind them.</p><h3>The Young Squire Open Mic</h3><p>The Young Squire Open Mic starts at 9:00 PM every Sunday with sign-up at 8:30 PM. Host Duke Justice leads the Squire House Band and the venue supplies drums and amps and a PA. That means singers can call a tune and have a band ready to go and instrumentalists can plug in without hauling a full rig.</p><h3>The Vibe</h3><p>The room is gritty and friendly and very Colfax. The late start draws working musicians who have finished weekend gigs along with night owls who love live music.</p><h3>Good to Know</h3><p>Squire Lounge is located at 1800 E Colfax Ave Denver CO 80218. Call (303) 333-9106 for current details. Schedules can change so confirm with the venue or host before heading out.</p>","1800 E Colfax Ave, Denver, CO 80218","","(303) 333-9106","https://www.squirelounge.com"
"Misfits Sports Bar and Grill","<h2>Misfits Sports Bar and Grill</h2><p>Misfits Sports Bar and Grill is a casual west Colfax hangout in Lakewood with games on the screens and a full bar and kitchen. On Monday nights the focus turns to local musicians.</p><h3>Monday Open Mic</h3><p>The open mic runs every Monday from 6:00 PM to 10:00 PM. The host arrives around 5:00 PM and the list is open from then on. Sets start at about 20 minutes and drop to 15 minutes on busy nights so more acts can play. Longer sets make this a good room for bands and duos who want to play several songs.</p><h3>Food and Drink</h3><p>A full sports bar menu and drink specials keep the crowd around through the evening.</p><h3>Good to Know</h3><p>Misfits Sports Bar and Grill is located at 11475 W Colfax Ave Lakewood CO 80215. Call (303) 578-3118 for current details. Schedules can change so confirm with the venue or host before heading out.</p>","11475 W Colfax Ave, Lakewood, CO 80215","","(303) 578-3118","https://misfitssportsbarandgrill.com/"
"The Lyric","<h2>The Lyric</h2><p>The Lyric is an independent cinema in north Fort Collins known for arthouse films and a creative community feel. Its lobby and bar area become a performance space every Monday night.</p><h3>Monday Open Mic Night</h3><p>The weekly community open mic runs from 6:00 PM to 9:00 PM with registration opening at 5:30 PM in the lobby. Sign-up is first come and first served and the list can fill quickly so arrive early. Entry is free for performers and audience alike. Musicians and songwriters share the stage with poets and storytellers and other performers.</p><h3>The Setting</h3><p>The Lyric blends a movie house with a neighborhood hangout. It is a great place to catch a film after a set or to linger with friends between performers.</p><h3>Good to Know</h3><p>The Lyric is located at 1209 North College Avenue Fort Collins CO 80524. Schedules can change so confirm with the venue or host before heading out.</p>","1209 North College Avenue, Fort Collins, CO 80524","","",""
"Long Table Brewhouse","<h2>Long Table Brewhouse</h2><p>Long Table Brewhouse is a neighborhood brewery in the Park Hill area of Denver. The name says it all as the taproom is built for gathering and sharing a pint with friends and neighbors.</p><h3>Monday Variety Open Mic</h3><p>Every Monday at 6:00 PM the brewery hosts a variety open mic with sign-up at 5:30 PM. Host Jeremy Naberhaus welcomes music along with poetry and dance and improv and other acts. There is one microphone and one guitar cable so plan a simple setup. Admission is free.</p><h3>Good Fit For</h3><p>Solo acoustic players and anyone who wants a relaxed early evening crowd on a weeknight.</p><h3>Good to Know</h3><p>Long Table Brewhouse is located at 2895 Fairfax St Denver CO 80207. Schedules can change so confirm with the venue or host before heading out.</p>","2895 Fairfax St, Denver, CO 80207","","","https://www.lngtbl.com"
"Tavern on 26th","<h2>Tavern on 26th</h2><p>Tavern on 26th is a friendly neighborhood bar in Lakewood with a loyal crowd of regulars. Monday nights here are all about live music.</p><h3>Monday Madness Open Mic</h3><p>The Monday Madness musician open mic runs from 6:30 PM to 11:00 PM. Hosts Matt and Holli of Blue Mesa Band keep the night moving and sign-up is handled by email in advance through the Monday Madness address listed on the event page. The event is free and the room is 21 and up.</p><h3>The Vibe</h3><p>The long evening and friendly hosts make this a comfortable room for both seasoned players and first timers looking to shake off the Monday blues.</p><h3>Good to Know</h3><p>Tavern on 26th is located at 10040 W 26th Ave Lakewood CO 80215. Call (303) 238-2549 for current details. Schedules can change so confirm with the venue or host before heading out.</p>","10040 W 26th Ave, Lakewood, CO 80215","","(303) 238-2549","https://www.tavernon26th.com"
"The Rock Garden at A-Lodge Lyons","<h2>The Rock Garden at A-Lodge Lyons</h2><p>The Rock Garden is an outdoor gathering space at A-Lodge in Lyons. The little foothills town is one of the most musical places in Colorado thanks to its famous festival grounds and deep bluegrass and folk roots.</p><h3>Monday Open Mic</h3><p>The Rock Garden hosts a free Monday open mic from 6:00 PM to 9:00 PM under host Saidman Said. Because it is an outdoor event it pauses during the colder months and returns in the spring so check with the host before making the drive.</p><h3>Why Lyons</h3><p>Lyons draws pickers and songwriters from all over the state. An evening set in the open air with the red rock canyon around you is a special way to share a song.</p><h3>Good to Know</h3><p>The Rock Garden at A-Lodge Lyons is located at 338 W Main St Lyons CO 80540. Call (720) 975-8666 for current details. Schedules can change so confirm with the venue or host before heading out.</p>","338 W Main St, Lyons, CO 80540","","(720) 975-8666","https://www.rockgardenlyons.com"
"Oskar Blues Grill and Brew Longmont","<h2>Oskar Blues Grill and Brew Longmont</h2><p>Oskar Blues is the Longmont brewery famous for pioneering craft beer in cans. Its restaurant on South Hover Street pairs Southern-inspired food with house beers and a strong commitment to live music.</p><h3>Monday Open Mic</h3><p>Mike Waldrep hosts the Monday open mic from 6:30 PM to 8:30 PM with sign-up at 6:00 PM. Covers and originals are both welcome which makes it an easy entry point for newer performers.</p><h3>Food and Drink</h3><p>Expect hearty plates and the full lineup of Oskar Blues beers. It is a popular stop for families and for anyone who wants dinner with a side of local music.</p><h3>Good to Know</h3><p>Oskar Blues Grill and Brew Longmont is located at 1555 S Hover St Longmont CO 80501. Call (303) 485-9400 for current details. Schedules can change so confirm with the venue or host before heading out.</p>","1555 S Hover St, Longmont, CO 80501","","(303) 485-9400","https://www.oskarbluesfooderies.com/"
"Vultures","<h2>Vultures</h2><p>Vultures is a rock bar and live music venue on East Platte Avenue in Colorado Springs. It books bands through the week and has a loud and loyal following in the local rock scene.</p><h3>Open Mic Monday</h3><p>Monday is open mic night unless the venue website says otherwise. Sign-ups start at 6:00 PM and the show begins around 7:00 PM. The night welcomes all kinds of talent with a focus on music and comedy. It is a free event and drink specials run every night.</p><h3>The Vibe</h3><p>This is a real rock club with a real stage. Players who want to feel what it is like to perform in a club setting will find it here.</p><h3>Good to Know</h3><p>Vultures is located at 2100 E Platte Ave Colorado Springs CO 80909. Call (719) 473-6231 for current details. Schedules can change so confirm with the venue or host before heading out.</p>","2100 E Platte Ave, Colorado Springs, CO 80909","","(719) 473-6231","https://vulturesrocks.com/"
"Night Owl Lounge","<h2>Night Owl Lounge</h2><p>Night Owl Lounge is a neighborhood bar in Broomfield with a laid-back crowd and a welcoming attitude toward local musicians.</p><h3>Monday Open Mic</h3><p>The Monday open mic runs from 7:00 PM to 11:00 PM with sign-up at 7:00 PM. Sets are about 30 minutes long which is generous by open mic standards. Bring a band or come solo or bring friends to cheer you on.</p><h3>Good Fit For</h3><p>Bands and duos who want time to play a proper set on a weeknight.</p><h3>Good to Know</h3><p>Night Owl Lounge is located at 2000 W Midway Blvd Broomfield CO 80020. Schedules can change so confirm with the venue or host before heading out.</p>","2000 W Midway Blvd, Broomfield, CO 80020","","",""
"The Corner Beet","<h2>The Corner Beet</h2><p>The Corner Beet is a Capitol Hill cafe known for healthy food and good coffee. On Monday evenings it becomes home to a long-running open mic.</p><h3>Monday Open Mic</h3><p>Music and poetry share the stage every Monday night. Doors open at 6:00 PM and sign-up follows around 6:30 PM with the show starting at 7:00 PM. The event is free.</p><h3>The Vibe</h3><p>This is a cafe crowd so the room tends to be attentive and supportive. It is a comfortable place for acoustic players and first timers.</p><h3>Good to Know</h3><p>The Corner Beet is located at 1401 Ogden St Denver CO 80218. Call (720) 295-8232 for current details. Schedules can change so confirm with the venue or host before heading out.</p>","1401 Ogden St, Denver, CO 80218","","(720) 295-8232","https://www.cornerbeet.com"
"The Bug Theatre","<h2>The Bug Theatre</h2><p>The Bug Theatre is a historic neighborhood theater in northwest Denver that has been a home for independent performance for decades. It is also home to Freak Train which is one of the longest running open stage shows in the city.</p><h3>Freak Train Open Mic Variety Show</h3><p>Freak Train rolls on the last Monday of the month. Performers sign up at 7:00 PM for 12 open slots and the show starts at 8:00 PM. Each performer gets five minutes to do nearly anything they want. Singers and musicians share the bill with actors and dancers and magicians and many other acts. Hosts GerRee Hinshaw and booth operator Alex Weimer have kept the show running since 2000. Admission is about five dollars and beer is part of the fun. The show often skips December.</p><h3>Why It Matters</h3><p>Few stages in Denver offer a real theater with lights and seating for an open night. It is a memorable place to try a song in front of a big and enthusiastic crowd.</p><h3>Good to Know</h3><p>The Bug Theatre is located at 3654 Navajo St Denver CO 80211. Call (303) 477-5977 for current details. Schedules can change so confirm with the venue or host before heading out.</p>","3654 Navajo St, Denver, CO 80211","","(303) 477-5977","https://www.bugtheatre.org/freak-train"
"rare Karaoke Cafe","<h2>rare Karaoke Cafe</h2><p>rare Karaoke Cafe is a karaoke lounge in Lone Tree near Park Meadows. Monday nights it swaps backing tracks for live instruments.</p><h3>Monday Open Mic and Jam</h3><p>Aaron Simmons hosts a music-only open mic and jam every Monday from 9:00 PM to midnight. Players can take a solo slot or join in on the jam. The late start makes it a good option for musicians coming off an early gig.</p><h3>Good Fit For</h3><p>Singers who love the karaoke stage and want to take the next step to live music.</p><h3>Good to Know</h3><p>rare Karaoke Cafe is located at 9535 Park Meadows Drive Lone Tree CO 80124. Schedules can change so confirm with the venue or host before heading out.</p>","9535 Park Meadows Drive, Lone Tree, CO 80124","","",""
"Brewery Rickoli","<h2>Brewery Rickoli</h2><p>Brewery Rickoli is a small and much loved brewery on Wadsworth Boulevard in Wheat Ridge. It has a devoted local following for its house beers and friendly taproom.</p><h3>Originals Open Mic</h3><p>Every other Tuesday from 6:00 PM to 8:00 PM the brewery hosts an open mic for original songs only. Covers are not part of the plan so bring your own material. Sign-up is at 5:30 PM and the event is free. Check the brewery schedule to confirm which Tuesday is on.</p><h3>Good Fit For</h3><p>Songwriters who want a listening crowd for new material.</p><h3>Good to Know</h3><p>Brewery Rickoli is located at 4335 Wadsworth Blvd Wheat Ridge CO 80033. Schedules can change so confirm with the venue or host before heading out.</p>","4335 Wadsworth Blvd, Wheat Ridge, CO 80033","","","https://www.breweryrickoli.com"
"Grossen Bart Brewery","<h2>Grossen Bart Brewery</h2><p>Grossen Bart Brewery is a Longmont craft brewery whose name means big beard. The taproom is dog friendly and has an easygoing neighborhood feel.</p><h3>Tuesday Open Mic</h3><p>Andy Epple hosts the open mic every Tuesday from 6:00 PM to 9:00 PM with sign-up at 5:30 PM. Guitar players and poets and comedians and all kinds of creatives are welcome and all skill levels are encouraged. There is no cover.</p><h3>The Vibe</h3><p>Craft beer and dogs and relaxed locals make this one of the most welcoming open mics in Boulder County.</p><h3>Good to Know</h3><p>Grossen Bart Brewery is located at 1025 Delaware Ave A Longmont CO 80501. Call (720) 438-2060 for current details. Schedules can change so confirm with the venue or host before heading out.</p>","1025 Delaware Ave A, Longmont, CO 80501","","(720) 438-2060","https://grossenbart.com/"
"Bricks on Main","<h2>Bricks on Main</h2><p>Bricks on Main is a downtown Longmont food hall with a mix of kitchens and a central bar. It is a lively community gathering spot and on Tuesday evenings it is also a music room.</p><h3>Tuesday Open Mic</h3><p>The music open mic runs every Tuesday from about 6:00 PM to 8:00 PM and often goes a little later. Sign-up is at 5:30 PM and slots are roughly 15 minutes. Come early for dinner from one of the food hall vendors and stay for the music.</p><h3>Good Fit For</h3><p>Solo players and duos who enjoy a busy and friendly dinner crowd.</p><h3>Good to Know</h3><p>Bricks on Main is located at 471 Main St Longmont CO 80501. Schedules can change so confirm with the venue or host before heading out.</p>","471 Main St, Longmont, CO 80501","","","https://www.bricksonmain.com/"
"Panhandler's Pizza","<h2>Panhandler's Pizza</h2><p>Panhandler's Pizza is a Fort Collins pizza institution. Its South College location hosts a well organized Tuesday open mic that local players rate highly.</p><h3>Tuesday Open Mic</h3><p>The open mic runs from 6:00 PM to 8:30 PM with sign-up at 5:30 PM. Sets run 15 to 20 minutes. The venue provides a pro PA and a Fender Blues Junior amp and performers have been treated to free beer.</p><h3>Good Fit For</h3><p>Guitar players who want a reliable sound system and a friendly pizza crowd.</p><h3>Good to Know</h3><p>Panhandler's Pizza is located at 2721 South College Avenue Fort Collins CO 80525. Schedules can change so confirm with the venue or host before heading out.</p>","2721 South College Avenue, Fort Collins, CO 80525","","",""
"Roxy on Broadway","<h2>Roxy on Broadway</h2><p>Roxy on Broadway is a live music bar on South Broadway in Denver that puts local artists on its stage most nights of the week. It has become a favorite room for songwriters and jazz players and roots bands.</p><h3>Singer-Songwriter Open Mic</h3><p>On the first and last Tuesday of each month the Roxy hosts its award-winning singer-songwriter open mic from 6:30 PM to 9:30 PM. Host Megan Rice is a Denver born songwriter and storyteller. The night is aimed at artists playing original music in any genre and musician sign-up is at 6:30 PM.</p><h3>Live Music Calendar</h3><p>Beyond the open mic the Roxy books local acts through the week so it is worth checking the calendar for shows before and after your set.</p><h3>Good to Know</h3><p>Roxy on Broadway is located at 554 S Broadway Denver CO 80209. Call (720) 456-7041 for current details. Schedules can change so confirm with the venue or host before heading out.</p>","554 S Broadway, Denver, CO 80209","","(720) 456-7041","https://broadwayroxy.com"
"The Barfly at Alamo Drafthouse Sloans Lake","<h2>The Barfly at Alamo Drafthouse Sloans Lake</h2><p>The Barfly is the bar inside the Alamo Drafthouse cinema at Sloans Lake. It is a comfortable spot for a drink before a movie and on Tuesday evenings it hosts local musicians.</p><h3>Tuesday Open Mic Night</h3><p>Luke Trednnick of the Doll House Thieves hosts the open mic every Tuesday. Sign-up starts at 6:00 PM and the music runs from 6:30 PM to 8:30 PM.</p><h3>Good Fit For</h3><p>Players who like an early evening set with the option to catch a film afterward.</p><h3>Good to Know</h3><p>The Barfly at Alamo Drafthouse Sloans Lake is located at 4255 W Colfax Ave Denver CO 80204. Schedules can change so confirm with the venue or host before heading out.</p>","4255 W Colfax Ave, Denver, CO 80204","","",""
"Monolith Brewing","<h2>Monolith Brewing</h2><p>Monolith Brewing is a craft brewery on South Broadway in Denver that has become a hub for group music making. Two weekly jams make it one of the busiest taprooms in the city for pickers and groove players.</p><h3>Funk'd Up Tuesdays</h3><p>Tuesday nights from 6:30 PM to 9:30 PM belong to a funk-centered open jam. Drums and percussion and amps and microphones and a PA are provided so players just bring their instruments. Each musician can lead two songs and sit in on others when there is room. Other styles are welcome as long as the energy stays groovy and upbeat. The jam is all ages. This listing is awaiting verification so confirm before you go.</p><h3>Wednesday Night Bluegrass Jam</h3><p>Every Wednesday from 7:00 PM to 9:00 PM the brewery hosts a bluegrass jam for pickers and strummers and fiddlers. Bring your instrument and join the circle.</p><h3>The Vibe</h3><p>A friendly brewery setting with a crowd that loves live music. Few venues in Denver offer two different styles of open jam in the same week.</p><h3>Good to Know</h3><p>Monolith Brewing is located at 1290 S Broadway Denver CO 80210. Schedules can change so confirm with the venue or host before heading out.</p>","1290 S Broadway, Denver, CO 80210","","",""
"The Alley","<h2>The Alley</h2><p>The Alley is a bar and music room in historic downtown Littleton. It has one of the most organized and community minded open mics in the south metro area.</p><h3>Tuesday Night Open Mic</h3><p>The open mic runs every Tuesday from 7:00 PM to 10:00 PM. Sign-up is in person at 6:30 PM sharp and there are 13 spots of about 15 minutes or three songs each. A lottery draw decides the order in which players pick their slots. A full PA is provided and performers can bring instruments or backing tracks. The night is for music and performance art only so stand-up comedy is not part of it. It is all ages with no cover.</p><h3>The Community</h3><p>Regulars often make room for newcomers and the host keeps a spot that can be shared. Laptop performers and unusual acts are welcome and the room embraces the weird and wonderful.</p><h3>Good to Know</h3><p>The Alley is located at 2420 Main St Littleton CO 80120. Call (720) 316-8002 for current details. Schedules can change so confirm with the venue or host before heading out.</p>","2420 Main St, Littleton, CO 80120","","(720) 316-8002","https://www.littletonalley.com"
"Avogadro's Number","<h2>Avogadro's Number</h2><p>Avogadro's Number is a Fort Collins restaurant and music venue that has been a cornerstone of the local acoustic and bluegrass scene for decades. Its beer garden and cozy stage make it a favorite with both players and listeners.</p><h3>Tuesday Acoustic Open Mic</h3><p>The acoustic open mic runs every Tuesday starting at 7:00 PM with sign-up at 7:00 PM. The venue homepage lists the Tuesday open mic so it remains a staple of the weekly calendar.</p><h3>Live Music</h3><p>Avogadro's books bluegrass and folk and roots music regularly and has long been known for its jam friendly culture. It is a great place to meet other players in Fort Collins.</p><h3>Good to Know</h3><p>Avogadro's Number is located at 605 S Mason St Fort Collins CO 80524. Schedules can change so confirm with the venue or host before heading out.</p>","605 S Mason St, Fort Collins, CO 80524","","","https://avogadros.com/"
"Fortissimo","<h2>Fortissimo</h2><p>Fortissimo is a downtown Denver venue at 14th and Champa. Its Tuesday session is designed as a working musicians hang more than a traditional open mic.</p><h3>Weekly Jam</h3><p>Every Tuesday from 7:00 PM the room hosts a musician-focused jam where players meet and network and trade gigs and test new material. Vocalists and guitarists and pianists and bassists and drummers and horn players are all welcome in any genre. Attending artists get drink specials.</p><h3>Good Fit For</h3><p>Players new to Denver who want to meet the local scene and find bandmates.</p><h3>Good to Know</h3><p>Fortissimo is located at 891 14th St Denver CO 80202. Schedules can change so confirm with the venue or host before heading out.</p>","891 14th St, Denver, CO 80202","","",""
"Sean's Tavern","<h2>Sean's Tavern</h2><p>Sean's Tavern is a neighborhood bar in Aurora with tacos and wings and a welcoming crowd of regulars.</p><h3>Steve's Open Mic Jamboree</h3><p>Steve's Open Mic Jamboree happens every Tuesday from 7:00 PM to 10:00 PM. Come to sing or play or jam or just listen and support local music. Sign-up details are handled at the venue.</p><h3>Good Fit For</h3><p>Players looking for a casual east side option with food and good company.</p><h3>Good to Know</h3><p>Sean's Tavern is located at 10395 E Iliff Ave Aurora CO 80247. Call (303) 369-9819 for current details. Schedules can change so confirm with the venue or host before heading out.</p>","10395 E Iliff Ave, Aurora, CO 80247","","(303) 369-9819",""
"The Speakeasy","<h2>The Speakeasy</h2><p>The Speakeasy is a downtown Longmont bar on Main Street with free pool and a late night crowd.</p><h3>Tuesday Open Mic</h3><p>Host Xia runs the Tuesday open mic from 8:00 PM to midnight with sign-up at 7:30 PM. The late hours make it a good second stop after an early evening mic elsewhere in Longmont.</p><h3>The Vibe</h3><p>Casual and social with pool tables and plenty of room to hang out between sets.</p><h3>Good to Know</h3><p>The Speakeasy is located at 301 Main St Longmont CO 80501. Call (720) 684-4728 for current details. Schedules can change so confirm with the venue or host before heading out.</p>","301 Main St, Longmont, CO 80501","","(720) 684-4728","http://www.thespeakeasy.buzz/"
"Goosetown Tavern","<h2>Goosetown Tavern</h2><p>Goosetown Tavern is an East Colfax neighborhood tavern known for barbecue and a friendly bar crowd.</p><h3>Tuesday Open Mic Night</h3><p>Wagner Sanchez hosts the Tuesday open mic. Doors and sign-up are at 7:00 PM and performances begin at 8:00 PM. The event is free and open to ages 16 and up so younger performers can take part.</p><h3>Food and Drink</h3><p>Barbecue plates and a full bar make it easy to grab dinner before your set.</p><h3>Good to Know</h3><p>Goosetown Tavern is located at 3242 E Colfax Ave Denver CO 80206. Call (303) 399-9703 for current details. Schedules can change so confirm with the venue or host before heading out.</p>","3242 E Colfax Ave, Denver, CO 80206","","(303) 399-9703","https://www.goosetowntavern.com"
"The Attic Bar and Bistro","<h2>The Attic Bar and Bistro</h2><p>The Attic Bar and Bistro is a downtown Boulder bar and restaurant just off the Pearl Street area. It is a comfortable spot for food and drinks with a music friendly attitude.</p><h3>Tuesday Open Mic</h3><p>Jacob Finkbiner hosts the Tuesday open mic from 8:00 PM to 11:00 PM with sign-up at 7:30 PM. There is no cover. Taco Tuesday specials and happy hour and late drink specials help make it a fun night out.</p><h3>The Vibe</h3><p>A downtown Boulder crowd that likes to listen and a host who keeps the energy up.</p><h3>Good to Know</h3><p>The Attic Bar and Bistro is located at 949 Walnut St Boulder CO 80302. Call (303) 415-0708 for current details. Schedules can change so confirm with the venue or host before heading out.</p>","949 Walnut St, Boulder, CO 80302","","(303) 415-0708","https://www.atticbistro.com"
"Walter's Brewery and Taproom","<h2>Walter's Brewery and Taproom</h2><p>Walter's Brewery and Taproom carries on a brewing name with deep roots in Pueblo. The taproom is a popular local gathering spot near downtown.</p><h3>Wednesday Open Mic</h3><p>The weekly open mic runs every Wednesday from 5:30 PM to 8:30 PM. In person sign-up starts at 5:00 PM. It is one of the anchor open mics in southern Colorado.</p><h3>Good Fit For</h3><p>Pueblo songwriters and visiting players who want an early evening set with a local beer crowd.</p><h3>Good to Know</h3><p>Walter's Brewery and Taproom is located at 126 Oneida St Pueblo CO 81003. Call (719) 542-0766 for current details. Schedules can change so confirm with the venue or host before heading out.</p>","126 Oneida St, Pueblo, CO 81003","","(719) 542-0766","https://www.waltersbeer.com/brewery"
"Vision Quest Brewery","<h2>Vision Quest Brewery</h2><p>Vision Quest Brewery is an east Boulder craft brewery with a relaxed taproom. It hosts a weekly music open mic as well as other community events.</p><h3>Wednesday Open Mic</h3><p>Jim Herlihy hosts the Wednesday open mic from 6:00 PM to 9:00 PM. Sign-up begins at 5:30 PM and both originals and covers are welcome.</p><h3>Other Events</h3><p>The brewery also hosts a separate Sunday evening open mic that is geared toward comedy.</p><h3>Good to Know</h3><p>Vision Quest Brewery is located at 2510 47th St Unit A2 Boulder CO 80301. Schedules can change so confirm with the venue or host before heading out.</p>","2510 47th St Unit A2, Boulder, CO 80301","","",""
"Bizarre Electronics Lounge","<h2>Bizarre Electronics Lounge</h2><p>Bizarre Electronics Lounge is a quirky Longmont space that hosts an open mic every other Wednesday.</p><h3>Open Mic</h3><p>The open mic runs every other Wednesday from 6:00 PM to 9:00 PM. Originals and covers are welcome. Host and sign-up details were still being finalized so check with the venue before attending.</p><h3>Good to Know</h3><p>Bizarre Electronics Lounge is located at 506 11th Ave Longmont CO 80501. Schedules can change so confirm with the venue or host before heading out.</p>","506 11th Ave, Longmont, CO 80501","","",""
"Jive's Coffee Lounge","<h2>Jive's Coffee Lounge</h2><p>Jive's Coffee Lounge is a coffee house on the west side of Colorado Springs near Old Colorado City. It is a cozy room for acoustic music.</p><h3>Wednesday Open Mic</h3><p>The weekly Wednesday open mic has sign-up around 5:30 PM and music from about 6:00 PM. It is a relaxed coffee house setting that suits singer-songwriters and acoustic duos.</p><h3>Good to Know</h3><p>Jive's Coffee Lounge is located at 16 Colbrunn Ct Colorado Springs CO 80904. Schedules can change so confirm with the venue or host before heading out.</p>","16 Colbrunn Ct, Colorado Springs, CO 80904","","","https://jivescoffeelounge.com"
"30/70 Sports Bar and Grill","<h2>30/70 Sports Bar and Grill</h2><p>30/70 Sports Bar and Grill is a Littleton sports bar with food and drinks and a weekly open mic.</p><h3>Wednesday Open Mic Night</h3><p>Andreas Christian and Cat Plants host the Wednesday open mic with sign-up and start both at 6:00 PM. The series began in April 2026 and has become a steady midweek option in the southwest metro.</p><h3>Good to Know</h3><p>30/70 Sports Bar and Grill is located at 10251 W Bowles Ave Unit C Littleton CO 80127. Call (303) 484-8837 for current details. Schedules can change so confirm with the venue or host before heading out.</p>","10251 W Bowles Ave Unit C, Littleton, CO 80127","","(303) 484-8837","https://3070sportsbar.com"
"The 120 Bar and Grill","<h2>The 120 Bar and Grill</h2><p>The 120 Bar and Grill is a downtown Loveland bar and restaurant on Lincoln Avenue.</p><h3>Wednesday Open Mic Night</h3><p>Michael Capshaw hosts the Wednesday open mic from 6:30 PM to 9:00 PM. In person sign-up starts at 6:00 PM and originals and covers are both welcome.</p><h3>Good to Know</h3><p>The 120 Bar and Grill is located at 120 N Lincoln Ave Loveland CO 80537. Schedules can change so confirm with the venue or host before heading out.</p>","120 N Lincoln Ave, Loveland, CO 80537","","","https://the120barandgrill.com/"
"Jamestown Mercantile","<h2>Jamestown Mercantile</h2><p>Jamestown Mercantile is the gathering place of the tiny mountain town of Jamestown in the foothills above Boulder. It is a true small town cafe where neighbors meet over food and music.</p><h3>Wednesday Open Mic</h3><p>The Merc hosts an open mic every Wednesday from 6:30 PM to 9:00 PM with sign-up at 6:00 PM. Originals and covers are both welcome.</p><h3>Why Go</h3><p>The drive up the canyon is beautiful and the audience is warm and close knit. It is a classic Colorado mountain town music night.</p><h3>Good to Know</h3><p>Jamestown Mercantile is located at 108 Main St Jamestown CO 80455. Schedules can change so confirm with the venue or host before heading out.</p>","108 Main St, Jamestown, CO 80455","","",""
"RMU Breckenridge","<h2>RMU Breckenridge</h2><p>RMU Breckenridge is the Main Street home of the Rocky Mountain Underground ski and outdoor brand. It combines a gear shop with a tavern style bar and is a popular hangout for skiers and locals.</p><h3>Wednesday Open Mic</h3><p>RMU hosts a weekly open mic every Wednesday from 7:00 PM to 9:00 PM. Come play a few songs and enjoy a community music night in one of Colorado's best known ski towns.</p><h3>Good Fit For</h3><p>Mountain town musicians and visitors who want to play a set after a day on the slopes or trails.</p><h3>Good to Know</h3><p>RMU Breckenridge is located at 114 S Main St Breckenridge CO 80424. Call (970) 771-2121 for current details. Schedules can change so confirm with the venue or host before heading out.</p>","114 S Main St, Breckenridge, CO 80424","","(970) 771-2121","https://www.instagram.com/rmubreck/"
"Genesee Pub","<h2>Genesee Pub</h2><p>Genesee Pub is a neighborhood pub in the Genesee foothills community west of Denver just off Interstate 70.</p><h3>Monthly Open Mic</h3><p>The pub hosts an open mic on the second Thursday of the month starting at 6:00 PM with sign-up at 5:45 PM. It is a small and friendly option for foothills musicians who would rather not drive into the city.</p><h3>Good to Know</h3><p>Genesee Pub is located at 25948 Genesee Trail Rd Golden CO 80401. Schedules can change so confirm with the venue or host before heading out.</p>","25948 Genesee Trail Rd, Golden, CO 80401","","",""
"Horsetooth Tavern","<h2>Horsetooth Tavern</h2><p>Horsetooth Tavern is a bar and grill southwest of Fort Collins on the road toward Horsetooth Reservoir. It is a relaxed neighborhood hangout for foothills locals.</p><h3>Weekly Open Mic</h3><p>The tavern hosts a weekly open mic with sign-up at 6:30 PM and performances from 7:00 PM. Current listings place it on Wednesday nights while older posters mention Tuesdays and taco and margarita specials so check with the tavern for the current night.</p><h3>Good Fit For</h3><p>Fort Collins players who want a laid-back room away from the downtown crowds.</p><h3>Good to Know</h3><p>Horsetooth Tavern is located at 791 W County Rd 38 E Fort Collins CO 80526. Schedules can change so confirm with the venue or host before heading out.</p>","791 W County Rd 38 E, Fort Collins, CO 80526","","",""
"Lincoln's Roadhouse","<h2>Lincoln's Roadhouse</h2><p>Lincoln's Roadhouse is a Denver roadhouse bar in the Platt Park area known for Cajun food and blues and roots music. Its Wednesday open mic is one of the most famous in the city.</p><h3>Wednesday Open Mic</h3><p>Host John Weeks runs the Wednesday open mic from 7:00 PM to 10:00 PM. The call-in system is gone and the sign-up sheet now goes out in person in the early evening. A lottery sets the order for about ten slots so everyone who shows up on time has a fair shot. John opens the night with a set of his own and the first open slot follows. The event is free.</p><h3>Live Music</h3><p>Lincoln's books blues and rock and roots bands through the week. It is a true music bar with a stage built for bands and a crowd that shows up to listen.</p><h3>Good to Know</h3><p>Lincoln's Roadhouse is located at 1201 S Pearl St Denver CO 80210. Call (303) 777-3700 for current details. Schedules can change so confirm with the venue or host before heading out.</p>","1201 S Pearl St, Denver, CO 80210","","(303) 777-3700","https://www.lincolnsroadhouse.com"
"The Stagecoach Saloon","<h2>The Stagecoach Saloon</h2><p>The Stagecoach Saloon is a country roadhouse on Highway 83 in Franktown south of Parker. It has a western feel and a friendly rural crowd.</p><h3>Atom's Open Mic</h3><p>Atom Creech hosts a free Wednesday open mic starting at 7:00 PM with sign-up at 6:00 PM. Atom sometimes takes slot reservations in advance through his Facebook page.</p><h3>Also From This Host</h3><p>Atom also runs an all-ages open mic every other Sunday at Elizabeth Kitchen and Bar.</p><h3>Good to Know</h3><p>The Stagecoach Saloon is located at 2077 N Hwy 83 Franktown CO 80116. Call (719) 301-0184 for current details. Schedules can change so confirm with the venue or host before heading out.</p>","2077 N Hwy 83, Franktown, CO 80116","","(719) 301-0184","https://www.stagecoach-saloon.com"
"Turner's Pit Barbeque","<h2>Turner's Pit Barbeque</h2><p>Turner's Pit Barbeque is a smokehouse in the small town of Berthoud between Loveland and Longmont.</p><h3>Wednesday Open Mic</h3><p>John McKay hosts the open mic every Wednesday from 7:30 PM to 9:30 PM with in person sign-up at 7:00 PM. Originals and covers are welcome.</p><h3>Food and Drink</h3><p>Come hungry because barbecue and live music make a classic pairing.</p><h3>Good to Know</h3><p>Turner's Pit Barbeque is located at 237 Welch Ave Berthoud CO 80513. Schedules can change so confirm with the venue or host before heading out.</p>","237 Welch Ave, Berthoud, CO 80513","","","https://turnerspitbbq.com/"
"Kinfolks","<h2>Kinfolks</h2><p>Kinfolks is a bar in the artsy mountain town of Manitou Springs just west of Colorado Springs. The town is known for its creative spirit and Kinfolks fits right in.</p><h3>Wednesday Open Mic</h3><p>Ramsey hosts the weekly Wednesday open mic starting at 7:30 PM. The stage is open to music along with poetry and other performances.</p><h3>Good to Know</h3><p>Kinfolks is located at 950 Manitou Ave Manitou Springs CO 80829. Call (719) 418-6180 for current details. Schedules can change so confirm with the venue or host before heading out.</p>","950 Manitou Ave, Manitou Springs, CO 80829","","(719) 418-6180","https://www.facebook.com/pages/Kinfolks/1506797452867393/"
"The Corner Slice","<h2>The Corner Slice</h2><p>The Corner Slice is a pizza shop on North College Avenue in Fort Collins close to Old Town.</p><h3>Wednesday Open Mic</h3><p>Samantha Erin hosts the Wednesday open mic from 7:30 PM to 10:00 PM. Grab a slice and play a few songs in a casual and friendly setting.</p><h3>Good to Know</h3><p>The Corner Slice is located at 172 North College Avenue Fort Collins CO 80524. Schedules can change so confirm with the venue or host before heading out.</p>","172 North College Avenue, Fort Collins, CO 80524","","","https://www.thecornersliceco.com"
"Velvet Banjo","<h2>Velvet Banjo</h2><p>Velvet Banjo is a bar on East Colfax Avenue in Denver with a music loving crowd and late hours.</p><h3>McKee Open Mic and Jam Night</h3><p>Dathon McKee hosts a free open mic and jam every Wednesday from 8:00 PM to 1:00 AM. Sign-up is onsite at about 7:30 PM. The long night leaves plenty of room for solo sets and for players to team up and jam.</p><h3>The Vibe</h3><p>A Colfax bar with a friendly late night energy and a steady stream of players.</p><h3>Good to Know</h3><p>Velvet Banjo is located at 741 E Colfax Ave Denver CO 80203. Call (303) 862-9555 for current details. Schedules can change so confirm with the venue or host before heading out.</p>","741 E Colfax Ave, Denver, CO 80203","","(303) 862-9555","https://www.velvetbanjo.com"
"Lion's Lair","<h2>Lion's Lair</h2><p>Lion's Lair is a classic East Colfax dive bar and live music room. It has hosted punk and rock and roots bands for years and remains one of Denver's most beloved small stages.</p><h3>Wednesday Music Open Mic</h3><p>The music open mic runs every Wednesday from 9:00 PM to midnight with sign-up at 8:00 PM. The room is 21 and up.</p><h3>Live Music</h3><p>Lion's Lair books live bands on many nights. Playing its stage is a rite of passage for Denver musicians.</p><h3>Good to Know</h3><p>Lion's Lair is located at 2022 E Colfax Ave Denver CO 80206. Call (303) 322-3883 for current details. Schedules can change so confirm with the venue or host before heading out.</p>","2022 E Colfax Ave, Denver, CO 80206","","(303) 322-3883","https://www.lionslairco.com"
"Seven's Gate (A Cerberus Taproom)","<h2>Seven's Gate (A Cerberus Taproom)</h2><p>Seven's Gate is a taproom from Cerberus Brewing Company on the west side of downtown Colorado Springs.</p><h3>Wednesday Open Mic</h3><p>The Wednesday open mic starts at 9:00 PM with in person sign-up at 8:30 PM. Music shares the bill with comedy and burlesque and both new talent and seasoned performers are welcome.</p><h3>Good Fit For</h3><p>Late night performers who like a lively and eclectic lineup.</p><h3>Good to Know</h3><p>Seven's Gate (A Cerberus Taproom) is located at 77 S 7th St Colorado Springs CO 80905. Schedules can change so confirm with the venue or host before heading out.</p>","77 S 7th St, Colorado Springs, CO 80905","","","https://cerberusbrewingco.com/sevens-gate-taproom/"
"LandLocked Ales","<h2>LandLocked Ales</h2><p>LandLocked Ales is a Lakewood craft brewery on South Wadsworth Boulevard with a comfortable neighborhood taproom.</p><h3>Tony's Suburban Open Mic</h3><p>Tony Medina hosts Tony's Suburban Open Mic on the first and third Thursdays. Sign-up is at 4:30 PM and music runs from 5:00 PM to 8:00 PM. The mic is beginner friendly and geared to acoustic singer-songwriters.</p><h3>Good to Know</h3><p>LandLocked Ales is located at 3225 S Wadsworth Blvd Lakewood CO 80227. Call (303) 284-8748 for current details. Schedules can change so confirm with the venue or host before heading out.</p>","3225 S Wadsworth Blvd, Lakewood, CO 80227","","(303) 284-8748","https://www.landlockedales.com"
"Avenue 19","<h2>Avenue 19</h2><p>Avenue 19 is a downtown Colorado Springs venue on Tejon Street in the heart of the city's nightlife district.</p><h3>3 Open Mic Experience</h3><p>Launched in August 2026 this Thursday open mic runs from 5:00 PM to 9:00 PM with sign-up at 5:00 PM. Every act gets a ten minute set. The night is built to help artists grow with A and R feedback and conversations after sets and recorded artist interviews for a YouTube channel. It is hosted by Music Over Bullsh**.</p><h3>Good to Know</h3><p>Avenue 19 is located at 19 N Tejon St Colorado Springs CO 80903. Schedules can change so confirm with the venue or host before heading out.</p>","19 N Tejon St, Colorado Springs, CO 80903","","","https://avenue19.co/visit"
"Bittersweet Coffee and Venue","<h2>Bittersweet Coffee and Venue</h2><p>Bittersweet Coffee and Venue is a coffee house and performance space on West Colorado Avenue in Colorado Springs.</p><h3>Thursday Open Mic</h3><p>Sarah Hewitt hosts the Thursday open mic. Doors open at 5:45 PM and sign-up is at 6:00 PM. Strong acts are sometimes invited back to play booked nights.</p><h3>The Vibe</h3><p>A coffee house listening room that is ideal for acoustic sets.</p><h3>Good to Know</h3><p>Bittersweet Coffee and Venue is located at 822 W Colorado Ave Colorado Springs CO 80905. Call (719) 360-9247 for current details. Schedules can change so confirm with the venue or host before heading out.</p>","822 W Colorado Ave, Colorado Springs, CO 80905","","(719) 360-9247",""
"Valor Peak Distillery","<h2>Valor Peak Distillery</h2><p>Valor Peak Distillery is a Longmont craft distillery with a tasting room known for its cocktails.</p><h3>Open Mic</h3><p>Jeff Ulrich hosts the open mic on the first and third Thursdays from 6:00 PM to 8:00 PM. Singers and instrumentalists and comedians are all welcome. Performers can sign up ahead by email or through the Acoustic Music Community group on Meetup or by contacting the host on social media.</p><h3>Good to Know</h3><p>Valor Peak Distillery is located at 110 Emery St Suite C Longmont CO 80501. Email sales@valorpeakdistillery.com with questions. Schedules can change so confirm with the venue or host before heading out.</p>","110 Emery St Suite C, Longmont, CO 80501","sales@valorpeakdistillery.com","","https://www.valorpeakdistillery.com"
"The Fox Den","<h2>The Fox Den</h2><p>The Fox Den is a community coffee spot on Laporte Avenue in Fort Collins.</p><h3>Thursday Open Mic Night</h3><p>The Thursday open mic runs from 6:00 PM to 9:00 PM with free entry. Everyone is welcome and music shares the stage with poetry and comedy.</p><h3>Good to Know</h3><p>The Fox Den is located at 1680 Laporte Ave Fort Collins CO 80521. Schedules can change so confirm with the venue or host before heading out.</p>","1680 Laporte Ave, Fort Collins, CO 80521","","","https://nowastecoffeeshop.com/"
"East End Ale House","<h2>East End Ale House</h2><p>East End Ale House is a pub on the east end of downtown Loveland's Fourth Street.</p><h3>Thursday Open Mic</h3><p>The Thursday open mic starts at 6:00 PM with sign-up at 5:45 PM. There is a full stage and the crowd is chill and supportive. All musicians and performers are welcome.</p><h3>Good to Know</h3><p>East End Ale House is located at 422 East 4th Street Loveland CO 80537. Schedules can change so confirm with the venue or host before heading out.</p>","422 East 4th Street, Loveland, CO 80537","","",""
"Knotted Root Brewing Circular Lounge","<h2>Knotted Root Brewing Circular Lounge</h2><p>Knotted Root Brewing is an East Colfax brewery and its Circular Lounge is a relaxed space for music and conversation.</p><h3>Thursday Open Mic</h3><p>Matt Flaherty hosts the free Thursday open mic from 6:30 PM to 9:00 PM with sign-up at 6:00 PM. Each performer gets three songs or 15 minutes. A PA is provided but there is no backline so bring your own amp if you need one.</p><h3>Good to Know</h3><p>Knotted Root Brewing Circular Lounge is located at 5126 E Colfax Ave Denver CO 80220. Call (303) 258-5799 for current details. Schedules can change so confirm with the venue or host before heading out.</p>","5126 E Colfax Ave, Denver, CO 80220","","(303) 258-5799","https://www.knottedrootbrewing.com"
"Toosteppin Saloon","<h2>Toosteppin Saloon</h2><p>Toosteppin Saloon is a Boulder bar on the east end of Pearl Street.</p><h3>Thursday Open Mic</h3><p>The Thursday open mic runs from 6:30 PM to 9:00 PM with sign-up at 6:00 PM. The house provides a mixer and two DI boxes and two microphones.</p><h3>Good to Know</h3><p>Toosteppin Saloon is located at 4843 Pearl St Suite A1 Boulder CO 80301. Schedules can change so confirm with the venue or host before heading out.</p>","4843 Pearl St Suite A1, Boulder, CO 80301","","",""
"Ethos","<h2>Ethos</h2><p>Ethos is an alcohol-free all ages venue in Pueblo. It offers a welcoming space for creative community gatherings.</p><h3>Open Mic Night</h3><p>On the first and third Thursdays Ethos hosts an open mic presented by Belong. Sign-up is at 6:00 PM and performances run from 6:30 PM to 9:00 PM. Music and spoken word and poetry and comedy are all welcome. For sign-up details email belongpueblo@gmail.com.</p><h3>Good to Know</h3><p>Ethos is located at 615 E Mesa Pueblo CO 81006. Email belongpueblo@gmail.com with questions. Schedules can change so confirm with the venue or host before heading out.</p>","615 E Mesa, Pueblo, CO 81006","belongpueblo@gmail.com","",""
"The Curator at 523 at the Fremont Center for the Arts","<h2>The Curator at 523 at the Fremont Center for the Arts</h2><p>The Curator at 523 is part of the Fremont Center for the Arts on Main Street in Canon City. It brings art and performance together in one of southern Colorado's historic downtowns.</p><h3>Open Mic Night</h3><p>The open mic takes place on the first and third Thursdays. Sign-ups start at 6:00 PM and artists begin around 6:30 PM with performances until 9:00 PM. Musicians and acoustic acts and poets and storytellers are welcome and listeners are encouraged to come too.</p><h3>Good to Know</h3><p>The Curator at 523 at the Fremont Center for the Arts is located at 523 Main Street Canon City CO 81212. Schedules can change so confirm with the venue or host before heading out.</p>","523 Main Street, Canon City, CO 81212","","",""
"The Woodcellar Bar and Grill","<h2>The Woodcellar Bar and Grill</h2><p>The Woodcellar Bar and Grill is a mountain bar in the Bergen Park area of Evergreen. It is a gathering place for foothills locals and musicians.</p><h3>The Almighty Woodcellar Open Mic</h3><p>Andy Potter hosts the open mic on the first and third Thursdays from 7:00 PM until close. A musician draw sets the order at about 6:45 PM. Bring a guitar or a voice or a clarinet or a harp and play a few songs with the house. The showcase has grown into a strong night of musicianship that often leads to paid gigs. Admission is free.</p><h3>The Vibe</h3><p>Mountain town friendly with players who like to collaborate and a crowd that loves to hear them.</p><h3>Good to Know</h3><p>The Woodcellar Bar and Grill is located at 1552 Bergen Pkwy Evergreen CO 80439. Call (303) 670-8448 for current details. Schedules can change so confirm with the venue or host before heading out.</p>","1552 Bergen Pkwy, Evergreen, CO 80439","","(303) 670-8448","https://www.thewoodcellar.net/events"
"Sheabeen Irish Pub","<h2>Sheabeen Irish Pub</h2><p>Sheabeen Irish Pub is an Aurora neighborhood pub with a classic Irish bar feel.</p><h3>Thursday Open Stage</h3><p>Phil Deaton hosts an open stage every Thursday from 7:00 PM to 11:00 PM. Musicians of all styles are welcome to step up.</p><h3>Good to Know</h3><p>Sheabeen Irish Pub is located at 2300 S Chambers Rd Unit 1 Aurora CO 80014. Call (303) 696-6131 for current details. Schedules can change so confirm with the venue or host before heading out.</p>","2300 S Chambers Rd Unit 1, Aurora, CO 80014","","(303) 696-6131","https://sheabeenirishpub.com"
"Crazy Mountain Brewery Denver","<h2>Crazy Mountain Brewery Denver</h2><p>Crazy Mountain Brewery started in the Vail Valley and runs a taproom in Denver's Cheesman Park and Uptown area.</p><h3>All Music Open Mic</h3><p>The all-music open mic runs every Thursday with sign-up at 6:30 PM and music from 7:00 PM. The night is for musicians only which keeps the focus on songs.</p><h3>Good to Know</h3><p>Crazy Mountain Brewery Denver is located at 1505 N Ogden St Denver CO 80218. Call (303) 832-3872 for current details. Schedules can change so confirm with the venue or host before heading out.</p>","1505 N Ogden St, Denver, CO 80218","","(303) 832-3872","https://www.crazymountainbrewery.com"
"Crested Bucha","<h2>Crested Bucha</h2><p>Crested Bucha is a kombucha taproom on Main Street in the mountain town of Gunnison.</p><h3>Thursday Open Mic Night</h3><p>The Thursday open mic runs from 7:00 PM to 10:00 PM. It is billed as the only open mic in Gunnison with a full-time sound engineer and professional sound gear. Jim Davidson of the Black Canyon Ramblers hosts.</p><h3>Good Fit For</h3><p>Western Slope players and Western Colorado University students who want a real sound system.</p><h3>Good to Know</h3><p>Crested Bucha is located at 315 1/2 N Main St Gunnison CO 81230. Schedules can change so confirm with the venue or host before heading out.</p>","315 1/2 N Main St, Gunnison, CO 81230","","","https://crestedbucha.com"
"Sunrise Ranch","<h2>Sunrise Ranch</h2><p>Sunrise Ranch is a retreat and conference center set in a quiet valley west of Loveland.</p><h3>Bohemian Cafe</h3><p>The Bohemian Cafe gathers on the first Thursday of every month from about 7:00 PM to 9:00 PM in the Pavilion Dining Hall. It is a relaxed evening of live music and poetry and conversation that unfolds based on who shows up. Participation is optional and the event is free. Past evenings have featured guest artists such as Northern Colorado musician James David Collins. Performers can submit ahead through an online form.</p><h3>Good to Know</h3><p>Sunrise Ranch is located at 100 Sunrise Ranch Road Loveland CO 80538. Schedules can change so confirm with the venue or host before heading out.</p>","100 Sunrise Ranch Road, Loveland, CO 80538","","",""
"JP Cocina and Cantina","<h2>JP Cocina and Cantina</h2><p>JP Cocina and Cantina is a Mexican restaurant and bar in Parker.</p><h3>Open Mic and Karaoke</h3><p>Every Thursday from 7:00 PM to 9:30 PM the cantina hosts an open mic and karaoke night hosted by Misty Mountain. Live performers and karaoke singers share the evening.</p><h3>Good to Know</h3><p>JP Cocina and Cantina is located at 11160 S Pikes Peak Dr Parker CO 80138. Call (720) 363-8670 for current details. Schedules can change so confirm with the venue or host before heading out.</p>","11160 S Pikes Peak Dr, Parker, CO 80138","","(720) 363-8670","https://jpcocina.com/"
"Long Shots Bar and Grill","<h2>Long Shots Bar and Grill</h2><p>Long Shots Bar and Grill is a Wheat Ridge bar that has become a steady home for blues musicians in the west metro.</p><h3>Thursday Blues Jam</h3><p>Robert Fiorino and friends host a weekly community blues jam every Thursday from 7:30 PM to 10:30 PM. Musicians and listeners are welcome. The jam is listed by the Mile High Blues Society.</p><h3>Good Fit For</h3><p>Guitarists and harp players and singers who want to sit in on blues standards.</p><h3>Good to Know</h3><p>Long Shots Bar and Grill is located at 4400 Ward Rd Wheat Ridge CO 80033. Call (303) 403-0227 for current details. Schedules can change so confirm with the venue or host before heading out.</p>","4400 Ward Rd, Wheat Ridge, CO 80033","","(303) 403-0227",""
"Outback Saloon","<h2>Outback Saloon</h2><p>Outback Saloon is a Boulder bar on 28th Street with pool tables and a big and friendly room.</p><h3>Open Mic</h3><p>The open mic runs on the first and third Thursdays from about 7:40 PM until just past midnight. Sign-up is in person at 7:15 PM. Sets are 20 minutes including setup. A house drum kit and amps are available which makes this a strong option for full bands.</p><h3>Good to Know</h3><p>Outback Saloon is located at 3141 28th St Boulder CO 80301. Call (303) 444-0081 for current details. Schedules can change so confirm with the venue or host before heading out.</p>","3141 28th St, Boulder, CO 80301","","(303) 444-0081","https://www.outbacksaloon.net/"
"Cactus Jack's Saloon and Grill","<h2>Cactus Jack's Saloon and Grill</h2><p>Cactus Jack's Saloon and Grill is a long-time Evergreen roadhouse along Bear Creek. It is one of the foothills' best known live music bars.</p><h3>Jonathan's Open Mic</h3><p>Jonathan hosts a free open mic every Thursday at 8:00 PM with sign-up at 7:30 PM. Locals know him as the busking guitar player around town. All genres and skill levels are welcome from rock and roll to freestyle rap. Watch for themed nights.</p><h3>Live Music</h3><p>Cactus Jack's books bands regularly and is a favorite weekend spot in the mountains west of Denver.</p><h3>Good to Know</h3><p>Cactus Jack's Saloon and Grill is located at 4651 Hwy 73 Evergreen CO 80439. Call (303) 674-1564 for current details. Schedules can change so confirm with the venue or host before heading out.</p>","4651 Hwy 73, Evergreen, CO 80439","","(303) 674-1564","https://www.evergreenlivemusic.com/"
"Recovery Cafe Longmont","<h2>Recovery Cafe Longmont</h2><p>Recovery Cafe Longmont is a community space that supports people in recovery with a welcoming and substance free environment.</p><h3>First Friday Open Mic</h3><p>An open mic takes place on the first Friday of each month from 4:00 PM to 7:00 PM. It is an early and supportive setting for sharing music.</p><h3>Good to Know</h3><p>Recovery Cafe Longmont is located at 402 Kimbark St Longmont CO 80501. Schedules can change so confirm with the venue or host before heading out.</p>","402 Kimbark St, Longmont, CO 80501","","",""
"Ante Up","<h2>Ante Up</h2><p>Ante Up is a sober music and art and community space in Denver.</p><h3>First Friday Gallery and Open Mic</h3><p>On the first Friday of each month Ante Up hosts a free all ages art show and open mic from 5:00 PM to 10:00 PM. A mocktail bar serves drinks and guest DJs have been part of the evening.</p><h3>Good to Know</h3><p>Ante Up is located at 2130 S Platte River Dr Denver CO 80223. Schedules can change so confirm with the venue or host before heading out.</p>","2130 S Platte River Dr, Denver, CO 80223","","","https://www.anteupdenver.com/"
"CBArt Studios","<h2>CBArt Studios</h2><p>CBArt Studios is an art studio and gallery in Superior that opens its doors to music on select Friday evenings.</p><h3>CBArt Open Mic Night</h3><p>The open mic takes place on the first Friday of every other month from 6:00 PM to 8:00 PM. Musicians can sign up for 15 minute slots and each night features a spotlight artist. The evening is free and pairs art with live music.</p><h3>Good to Know</h3><p>CBArt Studios is located at 406 Center Dr Unit C Superior CO 80027. Call (720) 936-8103 for current details. Email info@cbartstudios.com with questions. Schedules can change so confirm with the venue or host before heading out.</p>","406 Center Dr Unit C, Superior, CO 80027","info@cbartstudios.com","(720) 936-8103","https://www.cbartstudios.com"
"Second Dawn Brewing","<h2>Second Dawn Brewing</h2><p>Second Dawn Brewing is an Aurora craft brewery near the Stanley Marketplace area.</p><h3>First Friday Open Mic</h3><p>The brewery hosts a free open mic on the first Friday of the month starting at 6:00 PM with sign-up at 5:30 PM.</p><h3>Good to Know</h3><p>Second Dawn Brewing is located at 2302 Dayton St Aurora CO 80010. Call (303) 218-1112 for current details. Schedules can change so confirm with the venue or host before heading out.</p>","2302 Dayton St, Aurora, CO 80010","","(303) 218-1112","https://www.seconddawnbrewing.com"
"The Karma House Kava Bar","<h2>The Karma House Kava Bar</h2><p>The Karma House is a kava bar that offers an alcohol-free alternative to the usual night out. It has quickly become a creative hub with regular jazz and open mic nights.</p><h3>Mercury Legacy Jazz Jam and Poetry Open Mic</h3><p>Every Friday the Karma House carries forward the spirit of Denver's legendary Mercury Cafe jazz and poetry nights. From 7:00 PM to 9:00 PM jazz musicians gather for an open jam full of improvisation and collaboration. From 9:00 PM to midnight the mic opens to poets from longtime veterans to first timers.</p><h3>Open Mic in the Bar</h3><p>Every other Wednesday host Mat leads a music-forward open mic from 8:00 PM to midnight with sign-up at 7:30 PM. Singers and instrumentalists and songwriters are welcome along with poetry and storytelling.</p><h3>The Vibe</h3><p>Kava and a sober friendly setting draw a creative crowd that comes to listen and connect.</p><h3>Good to Know</h3><p>The Karma House Kava Bar is located at 1534 N Broadway Denver CO 80202. Call (720) 542-9940 for current details. Schedules can change so confirm with the venue or host before heading out.</p>","1534 N Broadway, Denver, CO 80202","","(720) 542-9940","https://www.karmahousedenver.com"
"The Audacious Space","<h2>The Audacious Space</h2><p>The Audacious Space is home to an immersive theater world called the Van Helsing Society in Denver's Capitol Hill neighborhood. Its themed bar and archives set the stage for one of the most unusual open mics in Colorado.</p><h3>Monster Open Mic</h3><p>On the first Friday of the month the Society hosts the Monster Open Mic from 7:00 PM to 9:00 PM with doors at 6:30 PM. Musicians and storytellers and poets and other performers are invited to share material inspired by myth and folklore and fantasy and the supernatural. Slots of 10 to 15 minutes can be reserved online and standby spots may open at the door. Performers must check in by 6:45 PM. Audience admission is free and the Society bar is open.</p><h3>Good Fit For</h3><p>Songwriters with a spooky ballad or a folk tale to tell and anyone who loves a themed night.</p><h3>Good to Know</h3><p>The Audacious Space is located at 1373 N Grant St Denver CO 80203. Call (720) 445-5242 for current details. Email RenfieldVanHelsing@audaciousimmersive.com with questions. Schedules can change so confirm with the venue or host before heading out.</p>","1373 N Grant St, Denver, CO 80203","RenfieldVanHelsing@audaciousimmersive.com","(720) 445-5242","https://www.audaciousimmersive.com/van-helsing-society"
"Roostercat Coffee","<h2>Roostercat Coffee</h2><p>Roostercat Coffee is a Capitol Hill coffee house with a cozy and creative feel.</p><h3>Saturday Open Mic</h3><p>Roostercat hosts a free open mic every other Saturday from 6:30 PM to 10:00 PM with sign-up at 6:30 PM. The coffee house setting is ideal for acoustic sets and quieter songs.</p><h3>Good to Know</h3><p>Roostercat Coffee is located at 1045 Lincoln St Denver CO 80203. Call (720) 388-0356 for current details. Schedules can change so confirm with the venue or host before heading out.</p>","1045 Lincoln St, Denver, CO 80203","","(720) 388-0356","https://www.roostercatdenver.com/events"
"La Dolce Vita","<h2>La Dolce Vita</h2><p>La Dolce Vita is a coffee house in Olde Town Arvada with a classic listening room vibe.</p><h3>Saturday Open Mic</h3><p>The open mic runs on the first and third Saturdays from 7:00 PM to 10:00 PM with sign-up at 6:00 PM and 15 minute spots. Karl Gerken hosts on first Saturdays and Tony Medina hosts on third Saturdays. Seating and spots are limited but all styles are welcome and the room has even hosted a death metal band.</p><h3>The Vibe</h3><p>A true coffee house crowd that listens closely which makes it a favorite for songwriters.</p><h3>Good to Know</h3><p>La Dolce Vita is located at 5756 Olde Wadsworth Arvada CO 80002. Call (303) 421-4540 for current details. Schedules can change so confirm with the venue or host before heading out.</p>","5756 Olde Wadsworth, Arvada, CO 80002","","(303) 421-4540","https://www.ldvcoffee.com"
"Vine Street Pub and Brewery","<h2>Vine Street Pub and Brewery</h2><p>Vine Street Pub and Brewery is part of the Mountain Sun family of pubs and sits near City Park in Denver. It is known for house beers and a warm neighborhood pub atmosphere.</p><h3>Open Mic Night with MC Drew Weber</h3><p>On the first Sunday of the month MC Drew Weber hosts an open mic from 6:00 PM to 8:00 PM. Music and poetry and comedy creators are all welcome to sign up and share.</p><h3>Live Music</h3><p>Mountain Sun pubs are known for supporting live music and Vine Street hosts bands and special events through the month.</p><h3>Good to Know</h3><p>Vine Street Pub and Brewery is located at 1700 Vine St Denver CO 80206. Schedules can change so confirm with the venue or host before heading out.</p>","1700 Vine St, Denver, CO 80206","","",""
"Elizabeth Kitchen and Bar","<h2>Elizabeth Kitchen and Bar</h2><p>Elizabeth Kitchen and Bar is a restaurant and bar in the small town of Elizabeth on the eastern plains southeast of Denver.</p><h3>Atom's Open Mic</h3><p>Atom Creech hosts an all ages open mic every other Sunday from 6:00 PM to 9:00 PM. Walk-in sign-up starts at 5:30 PM and performers can reach out to Atom on Facebook to sign up ahead. All acts are welcome.</p><h3>Good to Know</h3><p>Elizabeth Kitchen and Bar is located at 240 S Elizabeth St Unit 110 Elizabeth CO 80107. Call (720) 761-5000 for current details. Schedules can change so confirm with the venue or host before heading out.</p>","240 S Elizabeth St Unit 110, Elizabeth, CO 80107","","(720) 761-5000","https://elizabethkbar.com/"
"Collective Vintage","<h2>Collective Vintage</h2><p>Collective Vintage is a vintage shop on West Elizabeth Street near Colorado State University in Fort Collins.</p><h3>Music and Poetry Open Mic</h3><p>On the first Sunday of every month the shop hosts a music and poetry open mic from 6:00 PM to 9:00 PM with sign-up at 5:45 PM. It is an intimate and creative setting surrounded by vintage finds.</p><h3>Good to Know</h3><p>Collective Vintage is located at 1228 West Elizabeth Street Fort Collins CO 80521. Schedules can change so confirm with the venue or host before heading out.</p>","1228 West Elizabeth Street, Fort Collins, CO 80521","","",""
"Roots Music Project","<h2>Roots Music Project</h2><p>Roots Music Project is a Boulder nonprofit music venue and community space dedicated to supporting local musicians. It hosts concerts and education programs and two monthly open mics.</p><h3>Open Mic Night</h3><p>On the first Monday of the month the open mic runs from 7:00 PM to 9:00 PM. Players draw a number at 6:30 PM for a two song or ten minute slot. Host Steve Koppe has been part of the Boulder scene since 1980 as a guitarist and engineer and producer and studio owner. The show is free and guests are asked to RSVP for seating.</p><h3>Sober Night Live</h3><p>On the first Tuesday of the month Sober Night Live offers an open mic for sober creatives from 6:30 PM to 8:30 PM with sign-up at 6:00 PM. Each evening opens with a special guest who shares a story and a performance. Performers get two songs or ten minutes. Admission is free and donations are welcome.</p><h3>Why It Matters</h3><p>A real venue with good sound run by people who care about developing local talent.</p><h3>Good to Know</h3><p>Roots Music Project is located at 4747 Pearl St Suite V3A Boulder CO 80301. Schedules can change so confirm with the venue or host before heading out.</p>","4747 Pearl St Suite V3A, Boulder, CO 80301","","","https://www.rootsmusicproject.org"
"Full House Sports Bar and Grill","<h2>Full House Sports Bar and Grill</h2><p>Full House Sports Bar and Grill is an Englewood sports bar on South Broadway with food and drinks and a friendly crowd.</p><h3>Monthly Open Mic</h3><p>On the first Monday of the month the bar hosts a free open mic starting at 7:00 PM.</p><h3>Good to Know</h3><p>Full House Sports Bar and Grill is located at 4272 S Broadway Englewood CO 80113. Call (720) 485-4494 for current details. Schedules can change so confirm with the venue or host before heading out.</p>","4272 S Broadway, Englewood, CO 80113","","(720) 485-4494","https://www.fullhousesportsbar.com"
"The Flats Beer Garden","<h2>The Flats Beer Garden</h2><p>The Flats Beer Garden is an outdoor beer garden along Highway 93 near Golden with wide open views of the Front Range.</p><h3>Open Mic</h3><p>The Stirfry Sessions presents a free open mic on the first and third Wednesdays from 6:00 PM to 9:30 PM hosted by Graham Butler. Performers get three or more songs. In person sign-up runs from 6:00 PM to 7:00 PM with no pre-signups and call-in sign-ups open after 7:00 PM. Two microphones and two instrument cables are provided. There is no keyboard so bring your own if needed.</p><h3>Good to Know</h3><p>The Flats Beer Garden is located at 11229 CO-93 Golden CO 80403. Call (303) 494-0492 for current details. Schedules can change so confirm with the venue or host before heading out.</p>","11229 CO-93, Golden, CO 80403","","(303) 494-0492","https://www.facebook.com/TheFlatsBeergarden"
"Abbott and Wallace Distilling","<h2>Abbott and Wallace Distilling</h2><p>Abbott and Wallace Distilling is a Longmont craft distillery with a cocktail tasting room.</p><h3>Monthly Open Mic</h3><p>Onnika Hanson-White hosts the open mic on the first Wednesday of the month from 6:00 PM to 10:00 PM. In person sign-up starts at 5:30 PM and originals and covers are welcome. Check with the venue to confirm the schedule.</p><h3>Good to Know</h3><p>Abbott and Wallace Distilling is located at 350 Terry St Suite 120 Longmont CO 80501. Schedules can change so confirm with the venue or host before heading out.</p>","350 Terry St Suite 120, Longmont, CO 80501","","","https://www.abbottandwallace.com/events"
"Breckenridge Brewery Fort Collins","<h2>Breckenridge Brewery Fort Collins</h2><p>The Fort Collins outpost of Breckenridge Brewery sits on East Lincoln Avenue in the city's brewery district.</p><h3>Monthly Open Mic</h3><p>On the first Wednesday of the month the brewery hosts an open mic from 6:00 PM to 8:00 PM with sign-up at 5:00 PM. Performers play three songs and receive ten percent off their tab plus a free USB recording of their set.</p><h3>Good to Know</h3><p>Breckenridge Brewery Fort Collins is located at 1020 East Lincoln Avenue Fort Collins CO 80524. Schedules can change so confirm with the venue or host before heading out.</p>","1020 East Lincoln Avenue, Fort Collins, CO 80524","","",""
"Cellar West Artisan Ales","<h2>Cellar West Artisan Ales</h2><p>Cellar West Artisan Ales is a Lafayette brewery known for farmhouse style ales.</p><h3>Open Mic Night</h3><p>Host Shad runs the open mic from 7:00 PM to 9:00 PM with sign-up at 6:30 PM. Listings show both a weekly Wednesday schedule and a first Wednesday schedule so confirm with the brewery. Originals and covers are welcome.</p><h3>Good to Know</h3><p>Cellar West Artisan Ales is located at 778 W Baseline Rd Lafayette CO 80026. Schedules can change so confirm with the venue or host before heading out.</p>","778 W Baseline Rd, Lafayette, CO 80026","","","https://cellarwest.com/"
"Magic Rat Live Music","<h2>Magic Rat Live Music</h2><p>Magic Rat is an intimate live music room inside The Elizabeth Hotel in Old Town Fort Collins. It books jazz and folk and rock and roots acts in a stylish setting.</p><h3>KRFC Open Mic Night</h3><p>Community radio station KRFC 88.9 FM hosts an open mic on the first Wednesday of the month. Sign-up starts at 6:30 PM and the show begins at 7:00 PM. Playing a real listening room with great sound is a treat for local performers.</p><h3>Good to Know</h3><p>Magic Rat Live Music is located at 111 Chestnut Street Fort Collins CO 80524. Schedules can change so confirm with the venue or host before heading out.</p>","111 Chestnut Street, Fort Collins, CO 80524","","","https://www.theelizabethcolorado.com/dine/magic-rat-live-music/"
"Colorado Mountain Kava Company","<h2>Colorado Mountain Kava Company</h2><p>Colorado Mountain Kava Company is a kava bar in Longmont offering an alcohol-free place to gather.</p><h3>Monthly Open Mic</h3><p>On the first Wednesday of the month the kava bar hosts an open mic from 8:00 PM to 10:00 PM. Original music and covers and jams are welcome along with poetry and comedy and short stories.</p><h3>Good to Know</h3><p>Colorado Mountain Kava Company is located at 615 Ken Pratt Blvd Longmont CO 80501. Schedules can change so confirm with the venue or host before heading out.</p>","615 Ken Pratt Blvd, Longmont, CO 80501","","",""
"Schoolhouse Kitchen","<h2>Schoolhouse Kitchen</h2><p>Schoolhouse Kitchen is a restaurant and bar in Olde Town Arvada.</p><h3>Musicians Open Mic</h3><p>Michael Allen hosts a free musicians-only open mic on the second Thursday of the month from 6:00 PM to 9:00 PM. Sign-up is at 5:30 PM and each act gets three songs or 20 minutes. Drink specials make it an easy night out.</p><h3>Good to Know</h3><p>Schoolhouse Kitchen is located at 5660 Olde Wadsworth Arvada CO 80002. Call (303) 424-4422 for current details. Schedules can change so confirm with the venue or host before heading out.</p>","5660 Olde Wadsworth, Arvada, CO 80002","","(303) 424-4422","https://www.schoolhousemenu.com"
"Gold Dust Saloon","<h2>Gold Dust Saloon</h2><p>Gold Dust Saloon is a bar in Pueblo's historic Union Avenue district.</p><h3>Open Mic Night</h3><p>The saloon hosts an open mic on the second and fourth Thursdays from 6:00 PM to 10:00 PM. Performers and listeners are both welcome for a community night of live music.</p><h3>Good to Know</h3><p>Gold Dust Saloon is located at 217 S Union Ave Pueblo CO 81003. Schedules can change so confirm with the venue or host before heading out.</p>","217 S Union Ave, Pueblo, CO 81003","","","https://golddustsaloon.net"
"Trails End Taproom Monument","<h2>Trails End Taproom Monument</h2><p>Trails End Taproom is a self-pour taproom on Front Street in historic downtown Monument.</p><h3>Music Open Mic</h3><p>Jason Mezey hosts a music open mic every other Thursday. Sign-up is at 5:30 PM and performances begin at 6:00 PM. Beginners and experienced players are both welcome.</p><h3>Good to Know</h3><p>Trails End Taproom Monument is located at 252 Front St Monument CO 80132. Call (719) 428-0080 for current details. Schedules can change so confirm with the venue or host before heading out.</p>","252 Front St, Monument, CO 80132","","(719) 428-0080","https://www.trailsendtaproom.com/monument"
"Swallow Hill Music","<h2>Swallow Hill Music</h2><p>Swallow Hill Music is Denver's home for folk and acoustic music. The nonprofit runs a music school and presents concerts and community events and it has shaped the acoustic scene in Colorado for decades.</p><h3>Second Thursday Open Mic</h3><p>The open mic takes place on the second Thursday of the month in the Quinlan Cafe from 7:00 PM to 9:00 PM. Doors open at 6:00 PM and sign-up begins promptly at 6:30 PM with a random draw that sets the order. Performers sign an attendance form on arrival. There is a five dollar suggested donation.</p><h3>More at Swallow Hill</h3><p>Classes and jams and concerts fill the calendar. Players can study guitar or banjo or fiddle and join group classes and song circles that feed right into the open mic community.</p><h3>Good to Know</h3><p>Swallow Hill Music is located at 71 E Yale Ave Denver CO 80210. Call (303) 777-1003 for current details. Schedules can change so confirm with the venue or host before heading out.</p>","71 E Yale Ave, Denver, CO 80210","","(303) 777-1003","https://swallowhillmusic.org/"
"Sunshine Studios Live","<h2>Sunshine Studios Live</h2><p>Sunshine Studios Live is an all ages concert venue and studio complex in Colorado Springs that hosts touring and local acts.</p><h3>Open Mic</h3><p>Shaun Kalbfliesh hosts the open mic on the second and fourth Thursdays starting at 7:00 PM. It is a chance to play a real concert stage.</p><h3>Good to Know</h3><p>Sunshine Studios Live is located at 3970 Clear View Frontage Rd Colorado Springs CO 80911. Call (719) 392-8921 for current details. Schedules can change so confirm with the venue or host before heading out.</p>","3970 Clear View Frontage Rd, Colorado Springs, CO 80911","","(719) 392-8921","http://www.sunshinestudioslive.com/"
"Yellow Barn Farm","<h2>Yellow Barn Farm</h2><p>Yellow Barn Farm is a historic 100 acre farm in the foothills north of Boulder that hosts events and concerts.</p><h3>Songwriter Showcase Open Mic</h3><p>Stone Cottage Studios hosts a free songwriter showcase on the second Thursday of the month. Doors open at 6:15 PM and music runs from 7:00 PM to 10:00 PM. Songwriters sign up first come and first served to play two or three original songs. Performers can add an optional professional audio and video recording of their set for 40 dollars.</p><h3>The Setting</h3><p>Few open mics offer a barn stage with mountain views. It is a special evening for original music.</p><h3>Good to Know</h3><p>Yellow Barn Farm is located at 9417 North Foothills Hwy Longmont CO 80503. Call (720) 805-9775 for current details. Schedules can change so confirm with the venue or host before heading out.</p>","9417 North Foothills Hwy, Longmont, CO 80503","","(720) 805-9775","https://www.yellowbarn.farm"
"Elev8 Glass Gallery","<h2>Elev8 Glass Gallery</h2><p>Elev8 Glass Gallery is an art gallery in the Knob Hill area of Colorado Springs that supports the local arts scene.</p><h3>Knob Hill Soundcheck Open Mic</h3><p>On the second and fourth Fridays the gallery hosts a free all ages open mic from 6:00 PM to 8:30 PM. Pre-register online or arrive at 5:30 PM to sign up in person. Slots run 5 to 15 minutes and freestyle jams are encouraged. A PA and microphone are provided so bring your own instruments. Performers get priority for future Soundcheck events and the Elev8 Art Walk and enjoy a discount on gallery purchases during the event.</p><h3>Good to Know</h3><p>Elev8 Glass Gallery is located at 2438 E Platte Ave Colorado Springs CO 80909. Call (719) 297-8420 for current details. Email info@elev8arts.com with questions. Schedules can change so confirm with the venue or host before heading out.</p>","2438 E Platte Ave, Colorado Springs, CO 80909","info@elev8arts.com","(719) 297-8420","https://elev8arts.com/"
"Modern Brew","<h2>Modern Brew</h2><p>Modern Brew is a coffee and beer bar in Centennial.</p><h3>Monthly Open Mic</h3><p>Bob Fontneau hosts a free open mic on the second Friday of the month at 6:00 PM. Slots fill quickly so contact the host several days ahead.</p><h3>Good to Know</h3><p>Modern Brew is located at 8221 S Holly St Centennial CO 80122. Call (720) 450-0216 for current details. Schedules can change so confirm with the venue or host before heading out.</p>","8221 S Holly St, Centennial, CO 80122","","(720) 450-0216","https://www.modernbrewbar.com"
"Denver Art Society","<h2>Denver Art Society</h2><p>Denver Art Society is a community gallery and studio collective in the Art District on Santa Fe.</p><h3>Second Friday Open Mic</h3><p>Charles Levesque and Uriah Higgins host a free open mic on the second Friday of the month from 7:00 PM to 10:00 PM with sign-up at 6:30 PM. It usually runs monthly but confirm with the venue.</p><h3>Good to Know</h3><p>Denver Art Society is located at 738 Santa Fe Dr Denver CO 80204. Call (303) 744-9950 for current details. Schedules can change so confirm with the venue or host before heading out.</p>","738 Santa Fe Dr, Denver, CO 80204","","(303) 744-9950","https://www.denverartsociety.org/"
"Edenology Holistic Wellness","<h2>Edenology Holistic Wellness</h2><p>Edenology Holistic Wellness is a wellness studio in the Old Colorado City district of Colorado Springs.</p><h3>Open Heart Open Mic</h3><p>On the second Saturday of each month Edenology hosts a recovery-based open mic for the sober and sober curious community from 6:30 PM to 9:30 PM. Musicians and poets and storytellers are welcome and sign-up is in person. Attendance is free and donations are welcome.</p><h3>Good to Know</h3><p>Edenology Holistic Wellness is located at 2611 W Colorado Ave Studio B Colorado Springs CO 80904. Call (719) 662-3336 for current details. Schedules can change so confirm with the venue or host before heading out.</p>","2611 W Colorado Ave Studio B, Colorado Springs, CO 80904","","(719) 662-3336","https://www.edenologyco.com"
"The Phoenix Denver Community Center","<h2>The Phoenix Denver Community Center</h2><p>The Phoenix is a nonprofit sober active community that offers fitness and social events free to anyone with 48 hours of sobriety. Its Denver community center is on Champa Street.</p><h3>Sober Open Mic</h3><p>On the second Saturday of the month The Phoenix hosts an open mic from 6:30 PM to 8:30 PM for music and poetry and comedy and other talent. Register as a member in The Phoenix app and search for Open Mic Night to sign up.</p><h3>Good to Know</h3><p>The Phoenix Denver Community Center is located at 2233 Champa Street Denver CO 80205. Schedules can change so confirm with the venue or host before heading out.</p>","2233 Champa Street, Denver, CO 80205","","","https://thephoenix.org/"
"The Green House Connection Center","<h2>The Green House Connection Center</h2><p>The Green House Connection Center is a community space in north Denver.</p><h3>Rainbow Rhythm Open Mic and Jam</h3><p>Rainbow Rhythm is an inclusive open mic and jam on the second Saturday of the month. Sign-up is at 6:30 PM and the open mic starts at 7:00 PM with an open jam to follow.</p><h3>Good to Know</h3><p>The Green House Connection Center is located at 4700 Claude Ct Denver CO 80216. Schedules can change so confirm with the venue or host before heading out.</p>","4700 Claude Ct, Denver, CO 80216","","",""
"Butterscotch Studios","<h2>Butterscotch Studios</h2><p>Butterscotch Studios is a recording studio and creative space in downtown Longmont.</p><h3>Open Mic with Antonio Lopez</h3><p>On the second Sunday of the month Antonio Lopez hosts a free afternoon open mic from 2:00 PM to 4:00 PM. Performers sign up at the door for a two song or ten minute slot. Musicians and poets and storytellers of all skill levels are welcome in an intimate studio setting.</p><h3>Good to Know</h3><p>Butterscotch Studios is located at 620 Kimbark St Longmont CO 80501. Call (303) 529-2782 for current details. Schedules can change so confirm with the venue or host before heading out.</p>","620 Kimbark St, Longmont, CO 80501","","(303) 529-2782","https://www.butterscotchstudios.com"
"6 and 40 Brewery","<h2>6 and 40 Brewery</h2><p>6 and 40 Brewery is a Lakewood craft brewery whose name nods to the historic highways that once crossed the area.</p><h3>Second Sunday Open Mic</h3><p>Tony Medina hosts the open mic on the second Sunday of the month. Sign-up is at 2:30 PM and sets run from 3:00 PM to 6:00 PM with three songs or 15 minutes each. A full PA is provided and all styles and skill levels are welcome. The music happens in The Beer Barn which is a climate controlled space in the parking lot with plenty of seating. Hot dogs and brats are usually on the grill.</p><h3>Good to Know</h3><p>6 and 40 Brewery is located at 883 Parfet Street Unit J Lakewood CO 80215. Call (303) 238-3272 for current details. Schedules can change so confirm with the venue or host before heading out.</p>","883 Parfet Street Unit J, Lakewood, CO 80215","","(303) 238-3272","https://6and40brewery.com"
"Superior Community Center","<h2>Superior Community Center</h2><p>The Superior Community Center is a town facility that hosts classes and gatherings for residents of Superior and nearby communities.</p><h3>Open Mic</h3><p>Suz Paxson and Rob Rowe host the open mic on the second and fourth Wednesdays from 5:30 PM to 7:45 PM. In person sign-up starts at 5:00 PM and originals and covers are welcome. The early schedule makes it family friendly.</p><h3>Good to Know</h3><p>Superior Community Center is located at 1500 Coalton Road Superior CO 80027. Call (303) 554-9005 for current details. Schedules can change so confirm with the venue or host before heading out.</p>","1500 Coalton Road, Superior, CO 80027","","(303) 554-9005","https://superiorcommunitycenter.com/Calendar.aspx"
"Buffalo Lodge Bicycle Resort","<h2>Buffalo Lodge Bicycle Resort</h2><p>Buffalo Lodge Bicycle Resort is a historic lodge near Garden of the Gods and Old Colorado City. It is the home of the Black Rose Acoustic Society open mic.</p><h3>Black Rose Acoustic Society Open Mic</h3><p>The Black Rose Acoustic Society is a long-running nonprofit that supports acoustic and bluegrass music in the Pikes Peak region. Its open mic takes place on the second and fourth Wednesdays. Arrive by 5:30 PM to register for a three song set. Music runs from 6:00 PM to about 8:40 PM followed by an open jam until 9:00 PM. It is first come and first served so early arrival matters.</p><h3>Good Fit For</h3><p>Acoustic players and bluegrass pickers who love a jam after the show.</p><h3>Good to Know</h3><p>Buffalo Lodge Bicycle Resort is located at 2 El Paso Blvd Colorado Springs CO 80904. Call (719) 634-2851 for current details. Schedules can change so confirm with the venue or host before heading out.</p>","2 El Paso Blvd, Colorado Springs, CO 80904","","(719) 634-2851","https://www.bicycleresort.com"
"T-Bar Inn","<h2>T-Bar Inn</h2><p>The T-Bar Inn is a hometown bar in Wellington just north of Fort Collins.</p><h3>T-Bar Open Mic Night</h3><p>Jeremy Smith hosts the open mic on the second and fourth Wednesdays. Sign-up is in person at 5:30 PM and the show starts at 6:00 PM. Music and comedy and poetry and storytelling are all welcome.</p><h3>Good to Know</h3><p>T-Bar Inn is located at 3803 W Cleveland Ave Wellington CO 80549. Schedules can change so confirm with the venue or host before heading out.</p>","3803 W Cleveland Ave, Wellington, CO 80549","","",""
"Cannonball Creek Brewing Company","<h2>Cannonball Creek Brewing Company</h2><p>Cannonball Creek Brewing Company is a well regarded Golden brewery with a relaxed taproom.</p><h3>Monthly Open Mic</h3><p>On the second Wednesday of the month the brewery hosts a free open mic from 6:00 PM to 9:00 PM. Sign-up has been listed at 5:00 PM but confirm the time by email.</p><h3>Good to Know</h3><p>Cannonball Creek Brewing Company is located at 393 N Washington Ave Golden CO 80403. Call (303) 278-0111 for current details. Email niki@cannonballcreekbrewing.com with questions. Schedules can change so confirm with the venue or host before heading out.</p>","393 N Washington Ave, Golden, CO 80403","niki@cannonballcreekbrewing.com","(303) 278-0111","https://www.cannonballcreekbrewing.com/"
"Scully's Cafe","<h2>Scully's Cafe</h2><p>Scully's Cafe is a coffee shop on South Golden Road in Golden.</p><h3>Variety Open Mic</h3><p>Ben Rafferty hosts a free variety open mic on the second Wednesday of the month from 6:00 PM to 8:00 PM. Sign-up is through an online form. Musicians and poets and comedians are welcome and sets usually run five to ten minutes.</p><h3>Good to Know</h3><p>Scully's Cafe is located at 15900 S Golden Rd Golden CO 80401. Call (303) 271-9426 for current details. Schedules can change so confirm with the venue or host before heading out.</p>","15900 S Golden Rd, Golden, CO 80401","","(303) 271-9426","https://www.scullyscoffee.com"
"Aguanile","<h2>Aguanile</h2><p>Aguanile is billed as Denver's first Boricua social club and celebrates Puerto Rican culture and community.</p><h3>Open Mic</h3><p>On the second Wednesday of the month Aguanile hosts an open mic co-presented with Flamboyan Theatre Music Poetry and Areyna. Sign-up starts at 6:00 PM and performances begin at 6:30 PM. All are welcome.</p><h3>Good to Know</h3><p>Aguanile is located at 415 S Cherokee St Suite 125 Denver CO 80223. Schedules can change so confirm with the venue or host before heading out.</p>","415 S Cherokee St Suite 125, Denver, CO 80223","","",""
"St. Vrain Cidery","<h2>St. Vrain Cidery</h2><p>St. Vrain Cidery is a Longmont craft cidery with a friendly tasting room.</p><h3>The Midweek Mic with Danny Shafer</h3><p>Danny Shafer hosts the open mic on the second and fourth Wednesdays from 6:30 PM to 8:30 PM with sign-up at 6:00 PM. The room is known for a great listening audience.</p><h3>Good to Know</h3><p>St. Vrain Cidery is located at 350 Terry St Ste 130 Longmont CO 80501. Schedules can change so confirm with the venue or host before heading out.</p>","350 Terry St Ste 130, Longmont, CO 80501","","",""
"Warrior Soul Gallery and Community Studio","<h2>Warrior Soul Gallery and Community Studio</h2><p>Warrior Soul Gallery and Community Studio is an art gallery and community space on Main Street in Lyons.</p><h3>Open Mic Night</h3><p>Tim Merkel hosts a monthly Wednesday open mic from 6:30 PM to 8:30 PM with sound by TreebeardSound Production. Sign-ups open at 6:00 PM. Solo and duo musicians and poets get 15 to 20 minutes depending on the turnout. Listings show the night on both the second and third Wednesday so confirm the date with the gallery. The neighboring tea shop offers attendees a discount on tea.</p><h3>Getting There</h3><p>After passing Dave's BBQ turn right on 3rd Avenue. The parking lot is an immediate left or you can park on the street.</p><h3>Good to Know</h3><p>Warrior Soul Gallery and Community Studio is located at 304 Main Street Unit B Lyons CO 80540. Call (720) 527-6898 for current details. Schedules can change so confirm with the venue or host before heading out.</p>","304 Main Street Unit B, Lyons, CO 80540","","(720) 527-6898","https://www.warriorsoulstudio.org/"
"The Legacy Event Center","<h2>The Legacy Event Center</h2><p>The Legacy Event Center is a community event space in the town of Eaton north of Greeley.</p><h3>Open Mic Night</h3><p>Kelsey hosts a free open mic on the second and fourth Wednesdays. Doors open at 6:30 PM and the show starts at 7:00 PM. Sign-up is through an online form.</p><h3>Good to Know</h3><p>The Legacy Event Center is located at 124 1st Street Eaton CO 80615. Schedules can change so confirm with the venue or host before heading out.</p>","124 1st Street, Eaton, CO 80615","","",""
"Henry's Bar and Grill","<h2>Henry's Bar and Grill</h2><p>Henry's is a bar and grill in historic downtown Louisville.</p><h3>Open Mic Night</h3><p>Mark Brummer and Kevin Bang host a newer open mic on the second and fourth Wednesdays from 7:00 PM to 9:30 PM with sign-up at 6:30 PM. It is a welcoming place to share a song or dust off an instrument.</p><h3>Good to Know</h3><p>Henry's Bar and Grill is located at 935 Pine St Louisville CO 80027. Call (303) 665-9966 for current details. Schedules can change so confirm with the venue or host before heading out.</p>","935 Pine St, Louisville, CO 80027","","(303) 665-9966",""
"Legacy Saloon","<h2>Legacy Saloon</h2><p>Legacy Saloon is a new bar inside The Legacy building at the National Western Center in north Denver. The campus is the home of the National Western Stock Show.</p><h3>Saloon Nights Open Mic</h3><p>The open mic is part of the Saloon Nights series which runs from 4:30 PM to 9:00 PM on select dates. Sign-ups are first come and first served. Food and drinks are available.</p><h3>Good to Know</h3><p>Legacy Saloon is located at 4800 National Western Drive Denver CO 80216. Schedules can change so confirm with the venue or host before heading out.</p>","4800 National Western Drive, Denver, CO 80216","","",""
"Rails End Beer Company","<h2>Rails End Beer Company</h2><p>Rails End Beer Company is a Broomfield brewery with a train theme and a stage that welcomes solo players and bands.</p><h3>Monthly Open Mic</h3><p>Lisa hosts the free open mic on the third Thursday of the month from 6:00 PM to 10:00 PM. Musicians sign up through an online form. The stage is set up for solo acts but can handle bands so mark your group on the sign-up. Each act gets 15 minutes. A house drummer is available to jam if you contact him ahead of time.</p><h3>Good to Know</h3><p>Rails End Beer Company is located at 11625 Reed Ct B Broomfield CO 80020. Call (303) 353-8121 for current details. Email lisa@railsendbeerco.com with questions. Schedules can change so confirm with the venue or host before heading out.</p>","11625 Reed Ct B, Broomfield, CO 80020","lisa@railsendbeerco.com","(303) 353-8121","https://www.railsendbeerco.com"
"Max Taps","<h2>Max Taps</h2><p>Max Taps is a self-pour tap room in Highlands Ranch with a wide selection of beer and wine.</p><h3>Monthly Open Mic</h3><p>On the third Friday of the month Max Taps hosts a singer-songwriter open mic from 7:00 PM to 10:00 PM with sign-up at 6:30 PM. Performers usually play one to three songs and can sign up again after others have played.</p><h3>Good to Know</h3><p>Max Taps is located at 2680 East County Line Road Suite A Highlands Ranch CO 80126. Call (720) 550-8914 for current details. Schedules can change so confirm with the venue or host before heading out.</p>","2680 East County Line Road Suite A, Highlands Ranch, CO 80126","","(720) 550-8914","https://www.maxtaps.com"
"Love Shack","<h2>Love Shack</h2><p>Love Shack is a mocktail bar in downtown Loveland that offers an alcohol-free night out.</p><h3>YAY Foundation All Ages Open Mic</h3><p>On the third Tuesday of the month the YAY Foundation presents a free all ages open mic. Sign-up starts at 6:00 PM and performances run from 6:30 PM to 8:00 PM. Music and poetry and comedy and first time performers are all welcome.</p><h3>Good to Know</h3><p>Love Shack is located at 120 East 4th Street Loveland CO 80537. Schedules can change so confirm with the venue or host before heading out.</p>","120 East 4th Street, Loveland, CO 80537","","","https://loveshackmocktails.com"
"The End Lafayette","<h2>The End Lafayette</h2><p>The End is a music bar inside Dog House Music Studios in Lafayette. It partners with the nonprofit Rock for the People which works to build a diverse and inclusive local music community.</p><h3>Amplified Open Mic Night</h3><p>On the third Tuesday of the month the Amplified Open Mic runs from 6:30 PM to 9:30 PM with doors at 6:20 PM. RSVP on the Rock for the People website to receive the performer sign-up link. The night is free and bar sales and donations help keep it that way.</p><h3>Acoustic Open Mic Night</h3><p>On the fourth Tuesday of the month local musicians Aimee Newson and Anelise Cho host an acoustic open mic for solo acts and duos from 6:30 PM to 8:30 PM. RSVP through Rock for the People to get the sign-up link.</p><h3>Why It Matters</h3><p>A studio complex with a real stage and a nonprofit partner focused on growing the local scene.</p><h3>Good to Know</h3><p>The End Lafayette is located at 525 Courtney Way Lafayette CO 80026. Schedules can change so confirm with the venue or host before heading out.</p>","525 Courtney Way, Lafayette, CO 80026","","","https://www.theendlafayette.com/"
"Subjective Coffee","<h2>Subjective Coffee</h2><p>Subjective Coffee is a coffee roaster and cafe in Westminster.</p><h3>Queer Joy Open Mic</h3><p>On the third Tuesday of the month Evelyn Evermore and Bison Boy present the Queer Joy Open Mic. Doors open at 7:00 PM and the show starts at 8:00 PM. Singing and instruments and poetry and storytelling and many other performances are welcome. Sign up at the door and a five dollar cover is suggested.</p><h3>Good to Know</h3><p>Subjective Coffee is located at 3695 W 72nd Ave Westminster CO 80030. Schedules can change so confirm with the venue or host before heading out.</p>","3695 W 72nd Ave, Westminster, CO 80030","","","https://subjectivecoffee.com/"
"Cafe Ole","<h2>Cafe Ole</h2><p>Cafe Ole is a cafe on East Colfax Avenue in Denver.</p><h3>Monthly Open Mic</h3><p>William Queso Nitron hosts a free open mic on the third Wednesday of the month from 4:00 PM to 7:00 PM. The late afternoon slot is a nice option for players who prefer an early set.</p><h3>Good to Know</h3><p>Cafe Ole is located at 3025 E Colfax Ave Denver CO 80206. Call (303) 321-0123 for current details. Schedules can change so confirm with the venue or host before heading out.</p>","3025 E Colfax Ave, Denver, CO 80206","","(303) 321-0123","https://www.cafeoledenver.com"
"SAME Cafe","<h2>SAME Cafe</h2><p>SAME Cafe is a nonprofit pay what you can cafe on East Colfax. The name stands for So All May Eat and the cafe serves healthy meals to everyone regardless of ability to pay.</p><h3>So All May Express Open Mic</h3><p>On the third Wednesday of the month the cafe hosts So All May Express. Sign-up is in person at 6:00 PM and the open mic runs from 6:30 PM to 9:00 PM. Musicians and poets and storytellers and comedians are welcome. Dinner is pay what you can.</p><h3>Good to Know</h3><p>SAME Cafe is located at 2033 E Colfax Ave Denver CO 80206. Schedules can change so confirm with the venue or host before heading out.</p>","2033 E Colfax Ave, Denver, CO 80206","","","https://www.soallmayeat.org/"
"The Old Mine Cidery and Brewpub","<h2>The Old Mine Cidery and Brewpub</h2><p>The Old Mine is a cidery and brewpub in historic downtown Erie with a big outdoor space and a mining town theme.</p><h3>Monthly Open Mic</h3><p>On the fourth Thursday of the month The Old Mine hosts an open mic from 6:00 PM to 8:00 PM. Sign-up opens at 5:30 PM and closes promptly at 6:00 PM and you must be present to sign up. Sets are three songs or about 15 minutes. Two microphones and instrument cables are provided and bass players should bring an amp. Every performer gets a free beverage.</p><h3>Good to Know</h3><p>The Old Mine Cidery and Brewpub is located at 500 Briggs St Erie CO 80516. Schedules can change so confirm with the venue or host before heading out.</p>","500 Briggs St, Erie, CO 80516","","",""
"City O' City","<h2>City O' City</h2><p>City O' City is a Capitol Hill vegetarian and vegan restaurant and bar that has been a Denver favorite for years.</p><h3>Monthly Open Mic</h3><p>Chase Cavanaugh hosts a free open mic on the fourth Thursday of the month. Sign-up starts at 6:00 PM and the mic runs from 6:30 PM to 8:30 PM. Music and poetry and jokes are all welcome.</p><h3>Good to Know</h3><p>City O' City is located at 206 E 13th Ave Denver CO 80203. Call (303) 831-6443 for current details. Schedules can change so confirm with the venue or host before heading out.</p>","206 E 13th Ave, Denver, CO 80203","","(303) 831-6443","https://www.cityocitydenver.com"
"Longmont Public Media","<h2>Longmont Public Media</h2><p>Longmont Public Media is the community media center for Longmont with studios for video and radio production.</p><h3>Peace Potluck and Show</h3><p>On select dates Holding Light Productions hosts a potluck at 6:00 PM followed by a show at 7:00 PM. The show is recorded and the video is posted online. Musicians and poets and comedians and dancers can contact Naomi Horii to perform. It is free and donations help cover tech costs with the remainder shared with performers.</p><h3>Good to Know</h3><p>Longmont Public Media is located at 457 4th Ave Longmont CO 80501. Email holdinglightproductions@pm.me with questions. Schedules can change so confirm with the venue or host before heading out.</p>","457 4th Ave, Longmont, CO 80501","holdinglightproductions@pm.me","","https://longmontpublicmedia.org/"
"Zymos Brewing","<h2>Zymos Brewing</h2><p>Zymos Brewing is a craft brewery in southwest Littleton.</p><h3>Monthly Open Mic</h3><p>Steve known as The Magpie hosts an open mic on the fourth Saturday of the month from 4:00 PM to 7:00 PM with sign-up at 3:30 PM. Songs and poems and other acts are welcome in front of a small and friendly crowd.</p><h3>Good to Know</h3><p>Zymos Brewing is located at 5180 S Lowell Blvd Littleton CO 80123. Call (720) 664-5280 for current details. Schedules can change so confirm with the venue or host before heading out.</p>","5180 S Lowell Blvd, Littleton, CO 80123","","(720) 664-5280","https://www.zymosbrewing.com"
"Lone Tree Brewing","<h2>Lone Tree Brewing</h2><p>Lone Tree Brewing is a long-running south metro craft brewery.</p><h3>Monthly Open Mic</h3><p>Lindsey Giffey hosts a free open mic on the fourth Saturday of the month from 6:00 PM to 9:00 PM.</p><h3>Good to Know</h3><p>Lone Tree Brewing is located at 8200 Park Meadows Dr Lone Tree CO 80124. Call (303) 792-5827 for current details. Schedules can change so confirm with the venue or host before heading out.</p>","8200 Park Meadows Dr, Lone Tree, CO 80124","","(303) 792-5827","https://www.lonetreebrewingco.com"
"Farro Italian Restaurant","<h2>Farro Italian Restaurant</h2><p>Farro is an Italian restaurant in Centennial.</p><h3>Open Mic Night</h3><p>On the last Friday of most months Farro hosts an open mic starting at 7:30 PM. Make a reservation and come early for a quiet dinner or stay late for the music. The full menu is served until 9:00 PM and a select menu is available afterward.</p><h3>Good to Know</h3><p>Farro Italian Restaurant is located at 8230 S Holly St Centennial CO 80122. Call (303) 694-5432 for current details. Schedules can change so confirm with the venue or host before heading out.</p>","8230 S Holly St, Centennial, CO 80122","","(303) 694-5432","https://farroitalianrestaurant.com/"
